coverage_error_mean,coverage_error_std,method,posterior_mean_predictive_rmse_mean,posterior_mean_predictive_rmse_std,posterior_quality_objective_mean,posterior_quality_objective_std,prior_std_normalized_rmse_mean,prior_std_normalized_rmse_std,range_normalized_rmse_mean,range_normalized_rmse_std,raw_rmse_mean,raw_rmse_std,replicates,round,simulations_mean
0.1679166666666667,0.07291666666666666,random,0.9768143038131968,0.03470699682678158,-0.39678809925323644,0.035311839006787915,0.8907157956855433,0.04715325646785973,0.2571275022052501,0.013611972657443142,0.19408952406894647,0.012290284007841006,2,0,80.0
0.1679166666666667,0.07291666666666666,fixed_dumb,0.9768143038131968,0.03470699682678158,-0.39678809925323644,0.035311839006787915,0.8907157956855433,0.04715325646785973,0.2571275022052501,0.013611972657443142,0.19408952406894647,0.012290284007841006,2,0,80.0
0.1679166666666667,0.07291666666666666,bo,0.9768143038131968,0.03470699682678158,-0.39678809925323644,0.035311839006787915,0.8907157956855433,0.04715325646785973,0.2571275022052501,0.013611972657443142,0.19408952406894647,0.012290284007841006,2,0,80.0
0.1679166666666667,0.07291666666666666,bo_marginal_random,0.9768143038131968,0.03470699682678158,-0.39678809925323644,0.035311839006787915,0.8907157956855433,0.04715325646785973,0.2571275022052501,0.013611972657443142,0.19408952406894647,0.012290284007841006,2,0,80.0
0.3950000000000001,0.029166666666666674,random,0.9717603506643675,0.01581120793050933,-0.4837976216151653,0.02048631255607508,0.9972164279157185,0.040230431043734916,0.2878715865487286,0.011613525096357519,0.210070969966212,0.00822257356091348,2,1,94.0
0.3770833333333333,0.04958333333333334,fixed_dumb,0.9746783201258702,0.051372484479727254,-0.4751679486235864,0.030763154017323824,0.9818278379794989,0.04583031460117826,0.28342928327766603,0.01323007223601777,0.20600899702333936,0.007974584543446905,2,1,94.0
0.35250000000000004,0.0024999999999999745,bo,0.9738531309744727,0.0006840084865656348,-0.4631744214910113,0.01358655023853203,0.9618566863519298,0.04466317962568006,0.27766410839356404,0.012893149389875486,0.20182146465159376,0.011038611167339757,2,1,94.0
0.3591666666666667,0.022499999999999964,bo_marginal_random,0.9718381554307431,0.070557733499234,-0.46510962230504027,0.0193202301506199,0.9634849239290767,0.022999753026930136,0.2781341400952993,0.006639456800696497,0.20425034888855403,0.005881838806350445,2,1,94.0
0.3325,0.09583333333333328,random,0.9954937442451317,0.030464986178356523,-0.4485389368368319,0.047565888146397256,0.9209818600604055,0.07122558797482859,0.2658645624123187,0.0205610561952283,0.19361144088695686,0.016947665206687418,2,2,108.0
0.35375,0.04124999999999998,fixed_dumb,1.0123385983213105,0.0595392742032988,-0.48558886725742645,0.03722052770194326,1.0250883154195043,0.07258713262929511,0.29591750742529543,0.020954100281613347,0.2217307573106987,0.023594827648337702,2,2,108.0
0.3716666666666667,0.0016666666666666496,bo,0.9842915320537573,0.01988086737252609,-0.47179444688385486,0.01617354500463211,0.9715025417947852,0.04769649322252445,0.2804486270118125,0.013768791600712843,0.20945491768088587,0.009646895896105664,2,2,108.0
0.31875000000000003,0.07208333333333333,bo_marginal_random,0.9773413174834454,0.04280853212960112,-0.44618102258567593,0.03720388538235042,0.9310098398830386,0.051622731057088866,0.26875939083733136,0.014902198836056951,0.19903802344358748,0.014788410327119195,2,2,108.0
0.36083333333333334,0.059166666666666645,random,1.0320712619221557,0.15012716153197003,-0.46511351163429826,0.063140197231813,0.9411896611397002,0.11547864854636614,0.2716980521087493,0.03333581441194933,0.20023677647480354,0.02587565575408593,2,3,122.0
0.3829166666666667,0.04791666666666666,fixed_dumb,1.0271890503822811,0.03947149507552633,-0.4909663966268253,0.0293006234705967,1.0133132018194497,0.04632995950672941,0.2925183249219305,0.013374307296377341,0.21824757970315928,0.013549358400136727,2,3,122.0
0.3625,0.013333333333333308,bo,1.0052201560736655,0.016980179891112723,-0.47351322939642704,0.01498314944511106,0.9781452572470167,0.034474039950253554,0.28236621378906046,0.009951798122666444,0.20589435089345987,0.004322002235172262,2,3,122.0
0.3691666666666667,0.03833333333333333,bo_marginal_random,0.9986260104926066,0.06956641454766926,-0.4578838866332179,0.03391842540255477,0.9205144020813262,0.060200718842123635,0.2657296189172906,0.017378450614454533,0.19495809986221554,0.011310982166442912,2,3,122.0
0.3329166666666667,0.006249999999999978,random,0.9500536671814747,0.08424029696025148,-0.42932113627003093,0.01754608823734588,0.8697895065941315,0.02618707895271749,0.2510866028852168,0.007559558541320732,0.19208763903536585,0.00431342203740763,2,4,136.0
0.41666666666666674,0.0325,fixed_dumb,0.9689834229172553,0.006300116722224192,-0.49925317107389505,0.021998441657212597,1.032954093999272,0.0502414361035709,0.29818816211550286,0.014503453329435034,0.2311028188812838,0.010203302741174161,2,4,136.0
0.38416666666666666,0.0008333333333333526,bo,0.9300342401527151,0.038677174810315296,-0.4591172586033181,0.011869133217646627,0.9355574331002069,0.028439405013084063,0.2700721679213799,0.008209749069948424,0.2039698857658463,0.008058749385397398,2,4,136.0
0.33625000000000005,0.0045833333333333,bo_marginal_random,1.0085331424434336,0.04695786739916058,-0.44040856929290195,0.018800713288829846,0.8850528654197063,0.044891615738812896,0.25549275504855856,0.012959093215580433,0.1945237975488623,0.006577598999322962,2,4,136.0
0.3433333333333334,0.006666666666666654,random,0.9161698831314862,0.03956269646345695,-0.43202310177809666,0.009895745854718974,0.881865978824035,0.014801446434601795,0.25457278013161466,0.004272809541706585,0.19071640819147787,0.0018113326952590714,2,5,150.0
0.39541666666666675,0.02541666666666667,fixed_dumb,1.0162948120657203,0.09569449937933117,-0.4904570255803993,0.005824432645869848,1.004497246062325,0.031314494508938195,0.2899733777071606,0.009039715917136287,0.21491736265738298,0.0005399292099231845,2,5,150.0
0.34416666666666673,0.020833333333333343,bo,0.975758074113802,0.08589458747747536,-0.44040167765751603,0.025984216907668584,0.8895265743615008,0.042215013924537415,0.25678420357946913,0.012186424826587728,0.18992006744012976,0.010748217518745024,2,5,150.0
0.3383333333333333,0.03916666666666668,bo_marginal_random,0.9852034971236776,0.09265510895854284,-0.4413081352104058,0.02569273328319599,0.8944464597795126,0.02298623928932686,0.2582044521647047,0.006635555720675035,0.18897080924003684,0.0009911451379256836,2,5,150.0
0.26083333333333336,0.0050000000000000044,random,0.9014159905039341,0.016925476901382686,-0.4024961479957703,0.008707588003835476,0.8561396046768639,0.028630939499857178,0.24714621561204356,0.008265040313697208,0.1857249964166769,0.004464995018902754,2,6,164.0
0.3458333333333333,0.049166666666666664,fixed_dumb,0.9725381510682083,0.05902754477526423,-0.48225179137314744,0.027082680823751426,1.0341716592668302,0.03078983471172181,0.2985396429329933,0.008888259679558336,0.22384519193951852,0.019617543639360108,2,6,164.0
0.3245833333333334,0.04541666666666666,bo,0.9176848150513763,0.1064894161095124,-0.4293152038995848,0.04848482691854061,0.8881987339193604,0.09173536431564394,0.2564008890611138,0.026481718640922705,0.18690960130601636,0.022393653796121446,2,6,164.0
0.27208333333333334,0.05791666666666666,bo_marginal_random,0.9696083434111407,0.07290872392393372,-0.41648089617516043,0.03575021226000036,0.8712188836552192,0.0484287405652829,0.25149922850071305,0.013980173200940318,0.1831104010533331,0.006852934658147236,2,6,164.0
0.2808333333333334,0.04333333333333331,random,0.9263647443506204,0.08828931515994348,-0.40690944494071823,0.03415440434469394,0.8454647038266534,0.050202243832699944,0.2440646371723228,0.014492139495366263,0.17907361197357782,0.011144548645535185,2,7,178.0
0.40166666666666667,0.008333333333333304,fixed_dumb,0.9651357945206747,0.0627599057619253,-0.5024934766407929,0.020995064486209414,1.0585020803781733,0.05820524606989175,0.3055632305220587,0.016802407243350193,0.23404625833067425,0.018646994167622416,2,7,178.0
0.2520833333333333,0.06875,bo,0.9227434668313284,0.059056920635228216,-0.4067591427503566,0.03542401131574169,0.8710967194554098,0.04271521088758318,0.2514639627338904,0.012330819252218878,0.18127573783978185,0.008790621888132205,2,7,178.0
0.3041666666666667,0.02416666666666667,bo_marginal_random,0.9626939915595585,0.040772889766706066,-0.433425646699704,0.025900077569796953,0.9045274413523157,0.05466740995413477,0.2611145808770815,0.015781121926459668,0.19577191777461214,0.006750498020745094,2,7,178.0
0.32583333333333336,0.0025000000000000022,random,0.8868235986463446,0.03553691288291688,-0.40446937661289406,0.014986318651783653,0.8117383706907496,0.037438719405679444,0.2343286834149263,0.010807627363491959,0.17390534449037906,0.007607285098688882,2,8,192.0
0.39625000000000005,0.006249999999999978,fixed_dumb,0.9977034488777607,0.0076955308015574375,-0.5083810202865581,0.011513918623070746,1.0723063343618653,0.037138535392992944,0.3095481753987819,0.010720971703226473,0.23417486036844534,0.010534038744340113,2,8,192.0
0.27416666666666667,0.012499999999999983,bo,0.9001958409312266,0.08244456412223611,-0.39720389637604053,0.01892757901422565,0.8266823741200026,0.04783273980761549,0.2386426456162512,0.013808122602002051,0.17448463744753534,0.010978607450928435,2,8,192.0
0.31041666666666673,0.01708333333333334,bo_marginal_random,0.9257160432624888,0.06647526097037726,-0.41653212951212204,0.021040085464136715,0.8534034594458387,0.035062687501549505,0.24635635851920645,0.010121726033765654,0.18214940654706632,0.006041135534706171,2,8,192.0
0.2979166666666667,0.0037500000000000033,random,0.8651703913605163,0.018324230914025796,-0.4012492005465527,0.009156471416933598,0.8322607871337991,0.04131424247909743,0.2402529947438344,0.011926394508336186,0.17876429417459733,0.006296846306750439,2,9,206.0
0.40249999999999997,0.011666666666666659,fixed_dumb,1.0009061821783833,0.07781010132708821,-0.49569673990015495,0.008771600586302192,1.0218445800548597,0.013535135701051138,0.29498112168231666,0.0039072571202600215,0.2202699435714104,0.012630128690017173,2,9,206.0
0.3304166666666667,0.011250000000000038,bo,0.917550028460699,0.09522522669786687,-0.4333910973575316,0.006407138436504256,0.8973129196194007,0.02053479334686331,0.25903192784479506,0.005927884233282443,0.18936162074824608,0.002134445287342482,2,9,206.0
0.3141666666666667,0.010833333333333334,bo_marginal_random,0.9358001295152345,0.062194024189369534,-0.42342708857915845,0.002110785221678513,0.8705474730745442,0.0048507255946745875,0.2513054089609683,0.0014002838639251558,0.18663340890948263,0.0015759364441413626,2,9,206.0
0.3229166666666667,0.04125000000000001,random,0.9021658455538628,0.03994038162910851,-0.4072712758674285,0.02516101878523369,0.8186556316223226,0.03760102385527003,0.23632552464537554,0.010854480622322846,0.17259723129411064,0.0063730146428983975,2,10,220.0
0.4258333333333334,0.017499999999999988,fixed_dumb,1.0978215012514383,0.08751947827601014,-0.5328343871048181,0.028799874571255768,1.0967134529640563,0.054292610846630285,0.3165939036463409,0.015672926743654808,0.2413177739094739,0.02075739592280973,2,10,220.0
0.30125,0.05875000000000001,bo,0.9033950588409394,0.05095448579239226,-0.4123244442416839,0.04189936080224477,0.8544983921244954,0.07661349930276573,0.24667243835758995,0.022116412223005533,0.174382272646302,0.017999965638149346,2,10,220.0
0.3358333333333334,0.0625,bo_marginal_random,0.9189609682048399,0.07280107616648318,-0.4160243178331535,0.03693241922307658,0.8319728958174415,0.04859203279186858,0.24016988767933622,0.014027311606428242,0.17949737728474036,0.004446131105151782,2,10,220.0
0.25250000000000006,0.0333333333333333,random,0.9384281427010447,0.04036528131257411,-0.38996881367300235,0.022442553449920744,0.8071391383602895,0.034892828575166734,0.23300099940289787,0.010072691985329993,0.17105792540983844,0.011962417932526073,2,11,234.0
0.32999999999999996,0.06333333333333332,fixed_dumb,1.0076547792401611,0.06832432708195196,-0.48970806335988093,0.031380663800307684,1.0615482551553685,0.03018929140194715,0.3064425854358648,0.008714897758779122,0.23453266582280458,0.014641943757049955,2,11,234.0
0.30375,0.028749999999999998,bo,0.9195441522593134,0.0644845264879792,-0.41362942973559824,0.020880817100530386,0.8512597209128743,0.02509694664870049,0.24573751450966688,0.0072448644517324745,0.1808414493332381,0.006557519763594519,2,11,234.0
0.29625,0.005416666666666653,bo_marginal_random,0.9084070352316779,0.07654980222140761,-0.4046761795991989,0.004712645185280084,0.8305979536913655,0.0055015766162997415,0.2397729760760311,0.0015881683701939875,0.17763006078515714,0.0016606252786642711,2,11,234.0
0.3441666666666667,0.0050000000000000044,random,0.9498610481453431,0.028208007625330433,-0.4328128739998187,0.0013814541048583207,0.8722091803023688,0.00931617010051633,0.25178510251861774,0.0026893466576747155,0.18702871831329645,0.0025208587779554648,2,12,248.0
0.41625,0.052916666666666695,fixed_dumb,0.9800997206313466,0.04685893800149171,-0.5101945507289304,0.033556605252478805,1.0673661903657852,0.054183900555264564,0.3081220786657957,0.01564154478566293,0.23891998884483417,0.012030002301099463,2,12,248.0
0.2966666666666667,0.06166666666666666,bo,0.9169311525715846,0.10486004428073264,-0.41288884138547355,0.04812910832851111,0.8557337638670566,0.07699463712026472,0.24702905946164835,0.022226437233771185,0.1778584601916191,0.017192908601889295,2,12,248.0
0.33666666666666667,0.02583333333333332,bo_marginal_random,0.9210883036790747,0.0770178886847322,-0.4145991445191395,0.021142800061630745,0.8255773321768037,0.024188705652203768,0.23832364748456536,0.0069826778598242045,0.17483663970430172,0.003944465224660465,2,12,248.0
0.29541666666666666,0.02541666666666667,random,0.899542959817742,0.049837734804082545,-0.4005450448867065,0.02790405451986594,0.8200795768937676,0.0573867035553422,0.23673658223826563,0.016566114372791013,0.17706438806512761,0.013507663757901467,2,13,262.0
0.42374999999999996,0.020416666666666666,fixed_dumb,1.0248963639246742,0.08758162817870935,-0.5246903465475958,0.01550459362844897,1.0955678971070308,0.00568896987340628,0.3162632101551283,0.0016422641439113872,0.24221671557756297,0.009028373253151964,2,13,262.0
0.32583333333333336,0.006666666666666654,bo,0.931837334522454,0.04492391758733699,-0.4204921348111085,0.015903653504966475,0.8516496177289643,0.03375626755398847,0.24585006802552972,0.00974459507956614,0.1790851241090458,0.0071516976583514275,2,13,262.0
0.28958333333333336,0.04291666666666667,bo_marginal_random,0.9323558228099154,0.01753416136550684,-0.4000626421327108,0.012638741147058402,0.8120935904210655,0.012688971712384589,0.23443122651838597,0.003662990616942391,0.17354191423179566,0.006255071463479603,2,13,262.0
0.2891666666666667,0.024166666666666642,random,0.8758300718048255,0.05216195830085907,-0.3893099236644465,0.0005379112990815116,0.7947870194616335,0.0009961354582992965,0.22943524981729724,0.00028755953749924623,0.16847697251807747,0.0029791572217836293,2,14,276.0
0.4395833333333333,0.00041666666666664853,fixed_dumb,1.0455323219662165,0.14113726809787852,-0.5426520453622969,0.02014178959577473,1.1369284725302395,0.020520978114845323,0.328202979832342,0.0059238961193202044,0.2536451269536045,0.01160802570564487,2,14,276.0
0.3287500000000001,0.014583333333333365,bo,0.9528111661393989,0.0809611927196453,-0.418426716718801,0.022521071889505195,0.8347033437537739,0.037339964522185076,0.24095810010486107,0.010779119284207328,0.1761841213599074,0.007508508256098154,2,14,276.0
0.28375000000000006,0.009583333333333305,bo_marginal_random,0.8742714418383755,0.0993254529525393,-0.38944111234008844,0.008590771717915557,0.8004723665603966,0.0036513701031939405,0.23107646815625088,0.001054059755994971,0.1675560383027938,0.003953048091002914,2,14,276.0
0.27375000000000005,0.023749999999999966,random,0.9287705658822867,0.0226135818764302,-0.4026240625054546,0.021677797631331874,0.8359206491959559,0.04669241589722645,0.24130950591722594,0.013478939443688831,0.18173784946714455,0.011095737302609904,2,15,290.0
0.38333333333333336,0.00666666666666671,fixed_dumb,1.0062755331077442,0.028162182139659486,-0.510960997821812,0.010621884679322013,1.0894603430916887,0.04077745124512988,0.31450011117770427,0.011771436226621301,0.2401811494648154,7.444114239350819e-05,2,15,290.0
0.26083333333333336,0.019166666666666665,bo,0.9824731289494275,0.08598880960941546,-0.38663226466667555,0.024018066018321543,0.7731064843934417,0.03681480362217632,0.22317661843839942,0.010627518390713353,0.16153153569342193,0.008603022931331916,2,15,290.0
0.31666666666666665,0.010833333333333334,bo_marginal_random,0.8960074600282676,0.07008238869501215,-0.41484724947617124,0.01686926242135231,0.8524455601348475,0.02477764573854735,0.24607983680667778,0.007152690218517763,0.18124513824620986,0.0040283532246588455,2,15,290.0
0.31666666666666665,0.022499999999999996,random,0.8846797493080338,0.030978666564661084,-0.4118578401833888,0.006372845564816876,0.8460139766755895,0.013321937917101345,0.24422319858591873,0.003845712221282979,0.18052969580813233,0.002503010524755933,2,16,304.0
0.39,0.030833333333333324,fixed_dumb,1.0032154576325847,0.07235721941862278,-0.5040864340535164,0.018587553530593687,1.0609326941862662,0.012621448191276086,0.30626488829025794,0.003643498255398059,0.2317731833416214,0.013607410853467769,2,16,304.0
0.3279166666666667,0.08541666666666665,bo,0.9657371205001171,0.056862831360125876,-0.4123860642440006,0.044792572808566106,0.8100219156580031,0.06149515797681682,0.23383318552732224,0.017752123005886855,0.17168469109668635,0.016827176425905227,2,16,304.0
0.3091666666666667,0.03500000000000003,bo_marginal_random,0.9203591922919632,0.04491650423429694,-0.4126016555568928,0.018932190762728285,0.8427260976339079,0.019712609980370777,0.24327406966102982,0.005690540339298583,0.18057813488196917,0.0030632879229485627,2,16,304.0
0.2783333333333334,0.018333333333333313,random,0.9070091046445283,0.04690648276406095,-0.3970548984529555,0.010399888768234694,0.8201976072081953,0.0039002568062386778,0.2367706546551693,0.0011259071584952818,0.17448093941816442,0.0009371154823468175,2,17,318.0
0.3975000000000001,0.003333333333333327,fixed_dumb,1.009975862599043,0.028611354042550052,-0.5090398732538551,0.0036563092111140394,1.0692548474159336,0.00013218847729246086,0.3086672869939508,3.815952647429066e-05,0.24013138277230028,0.0011294920525797558,2,17,318.0
0.2916666666666667,0.04083333333333333,bo,0.9246215009073581,0.0820834612128033,-0.38699099677411986,0.03007539688358629,0.7676871107301093,0.04038698187613882,0.2216121800167174,0.011658717428972634,0.1623668095877857,0.008609792412804199,2,17,318.0
0.28875,0.002083333333333326,bo_marginal_random,0.8619501760278561,0.07206210730452428,-0.38353098865765684,0.014204528992031396,0.7799371822269754,0.022438666001966145,0.22514847105487124,0.006477484928245625,0.1674209771138545,0.005500219743265894,2,17,318.0
0.23958333333333337,0.007916666666666669,random,0.8677188445910635,0.011343907238992756,-0.3796236582770015,0.00770483305793937,0.8069830496885051,0.01590464545489101,0.2329559404845618,0.004591275667373412,0.16717729542046816,0.0018668745297614198,2,18,332.0
0.42750000000000005,0.040000000000000036,fixed_dumb,1.0502078289116947,0.04987262289835004,-0.5186046959378432,0.01811050637156958,1.0624708410621275,0.010819234868006067,0.30670891304667375,0.003123244081734533,0.23405140357941556,0.011158492328986497,2,18,332.0
0.27875,0.00708333333333333,bo,0.8852050747601584,0.028741389228736924,-0.38064760402658787,0.015526112634072442,0.770553365681427,0.037693375957504216,0.22243959655057202,0.010881140377865417,0.15854729848039428,0.006165976338548845,2,18,332.0
0.2520833333333333,0.01874999999999996,bo_marginal_random,0.9017580333110214,0.01752318149221821,-0.3908225440114914,0.011721787263951289,0.8231602894395109,0.01829727774144202,0.23762590734705594,0.005281969114729473,0.17574479938665832,0.0057226505945172645,2,18,332.0
0.2783333333333333,0.011666666666666686,random,0.9397482443826256,0.02925253011584872,-0.39877146713242345,0.005872639875849017,0.814802804858739,0.00010641788611476244,0.23521330936082757,3.0720197597478016e-05,0.17252374458856304,0.002631417414147824,2,19,346.0
0.3450000000000001,0.007499999999999979,fixed_dumb,1.0415201220278905,0.055552700489560014,-0.5199349574912233,0.0031816510175270425,1.141535608014766,0.0017272669921115646,0.3295329452884342,0.000498619031429004,0.26014265394920416,0.013547982779966286,2,19,346.0
0.3179166666666667,0.039583333333333304,bo,0.903427131888342,0.06676765485401831,-0.40453633707675263,0.020185878993085327,0.8130747303563195,0.012516769687911655,0.23471445722125175,0.0036132801743501697,0.16795539289820977,0.006259917676317436,2,19,346.0
0.31583333333333335,0.007500000000000007,bo_marginal_random,0.9028985924523929,0.08958223356812106,-0.4146147682106082,0.0005953077914013227,0.8499747509477543,0.022474798789016703,0.24536657563203557,0.006487915565410771,0.17693960458221433,0.005615829307374698,2,19,346.0
0.32166666666666666,0.003333333333333355,random,0.9417815187976797,0.06339028642319339,-0.403386162708981,0.016631216887923572,0.7925564648430148,0.03276643457895134,0.22879134416254635,0.009458854912270914,0.16900374517008315,0.005738570371120119,2,20,360.0
0.43000000000000005,0.04666666666666669,fixed_dumb,1.0261905579102015,0.03687588248875312,-0.5322287374470185,0.009049685070226132,1.1158206684760517,0.021839670583907456,0.32210968165599835,0.006304569845315855,0.2510371417771409,0.006780703259113938,2,20,360.0
0.29500000000000004,0.039166666666666655,bo,1.2303193986179572,0.25710988273649155,-0.4398300944568565,0.023385616703207934,0.8419435048890005,0.025864004901929475,0.2430481545950608,0.007466295096225442,0.1776430357571805,0.004948121056404298,2,20,360.0
0.325,0.01416666666666666,bo_marginal_random,0.8949063095778542,0.009060976765110251,-0.4098328272725086,0.0024188390970797113,0.8282396634206655,0.007028403222001822,0.23909219631472317,0.002028925246097976,0.17800072621791135,0.0019100728618461488,2,20,360.0
0.255,0.017499999999999988,random,0.8658166680597232,0.03163931127379388,-0.3671788033974108,0.0015449317840827979,0.7511805161043991,0.020763822806248444,0.21684713659143845,0.005993999343296599,0.16174834330549903,0.0021988407367611734,2,21,374.0
0.4316666666666667,0.010000000000000009,fixed_dumb,1.0083760536354984,0.03215872724006086,-0.519577204476628,0.003230180675577121,1.0767222223094672,0.008610689839698038,0.31082293244641157,0.0024856920484289946,0.24027374573653254,0.0010973444043328312,2,21,374.0
0.28500000000000003,0.003333333333333327,bo,0.8744691580769741,0.045530662098251184,-0.38974994072795094,0.0053608905682341335,0.8003911568087141,0.031456202341332895,0.23105302492025354,0.009080623444725919,0.17155778209331385,0.00469449072608355,2,21,374.0
0.26583333333333337,0.011666666666666659,bo_marginal_random,0.907682307521597,0.02775155015066816,-0.38396745143158373,0.009423535222142926,0.7854534740733602,0.03215387284246496,0.22674088734609066,0.009282023570543085,0.16833689782585812,0.00616246771368717,2,21,374.0
0.25416666666666665,0.00416666666666668,random,0.8985356458026128,0.03519761135108407,-0.38223763535906274,0.012469835557218034,0.7927333416968527,0.027395528078797915,0.22884240411213477,0.007908407755442964,0.16847228340107567,0.008222789950448686,2,22,388.0
0.41000000000000003,0.02250000000000002,fixed_dumb,1.0198400273990225,0.05894432715205561,-0.5200916827853809,0.03237531726855991,1.0932970741954222,0.07224690336640127,0.3156076800454786,0.020855884553354354,0.24207539257587607,0.019911704468435654,2,22,388.0
0.30125,0.039583333333333304,bo,0.9597598015132748,0.04192992571182541,-0.40351481369823716,0.013443611270585132,0.8044556171173687,0.002235089055509898,0.2322263335469097,0.0006452146339307463,0.17119725944546993,0.0003265759090170378,2,22,388.0
0.29125,0.0012500000000000011,bo_marginal_random,0.9414805610840226,0.08759720047306618,-0.4030830902244411,0.013660885170374032,0.8179524518017897,0.015895602264144215,0.23612253411603884,0.004588665123067423,0.17613403013208878,0.0010065379382711848,2,22,388.0
0.24541666666666667,0.025416666666666685,random,0.8619857697228626,0.012985131122350169,-0.37206131258642355,0.010686525980691308,0.7777204963031988,0.010509551527698835,0.22450856894747062,0.0030338462017895917,0.16392907636141105,0.004014448210275662,2,23,402.0
0.38125,0.026250000000000023,fixed_dumb,0.9868144814074834,0.049838279712219546,-0.5039190860715448,0.018865990254873205,1.0736121708778632,0.025356053939059042,0.30992513793079646,0.007319662283651246,0.23807738383450822,0.006062313220061635,2,23,402.0
0.26416666666666666,0.04083333333333332,bo,0.8756171316428134,0.036090617484507814,-0.37693762086095045,0.016031650126005714,0.773652505067596,0.007670404475015102,0.22333424103000243,0.002214255044221611,0.16127347107843432,0.00828868567322423,2,23,402.0
0.27083333333333337,0.016666666666666663,bo_marginal_random,0.9172955228896488,0.06747758934797277,-0.38916036459639347,0.0028260264880680397,0.7957820104476122,0.0008484770268877284,0.22972247897409526,0.0002449342199374177,0.17131411260159896,0.0005799408501968445,2,23,402.0
0.22750000000000004,0.020833333333333343,random,0.9065606424645679,0.04770851669832321,-0.3639344938619483,0.014430789810045058,0.7496434700523735,0.015420811401466006,0.2164034296154915,0.004451604806879422,0.16076074392744988,0.002736105951633941,2,24,416.0
0.44333333333333336,0.011666666666666686,fixed_dumb,0.9631451525911703,0.04289205202400481,-0.5309947027791077,0.021918845948902255,1.1218384106452803,0.05096723727343677,0.3238468541866573,0.014712974079835073,0.24274377162263733,0.016134371527923755,2,24,416.0
0.30000000000000004,0.05000000000000002,bo,0.8951798257627387,0.04661659958745201,-0.38626670102550004,0.024620229898366153,0.7681600937346913,0.02583724417445865,0.2217487184492261,0.007458569939620921,0.16117090088483021,0.008712909784856157,2,24,416.0
0.2916666666666667,0.009166666666666656,bo_marginal_random,0.9306314429658848,0.08503698028430512,-0.3947414793870603,0.0032920739442492686,0.7924536650685108,0.032923186540999294,0.22876166842380513,0.00950410530601313,0.16722925480983147,0.00619394641648488,2,24,416.0
0.2779166666666667,0.017916666666666664,random,0.8867128493504195,0.0329743826374872,-0.38009507854458463,0.007527440015844933,0.7688387406639632,0.0008631325829992487,0.221944626942876,0.0002491649145704711,0.16436382771410657,3.471596134291266e-05,2,25,430.0
0.39208333333333334,0.053749999999999964,fixed_dumb,1.0610442532656092,0.010107003756797517,-0.5300895820302629,0.008135195701468811,1.1291735390645794,0.02186888968830647,0.3259643233703686,0.006313004674210948,0.24973294356831066,2.092411963869334e-05,2,25,430.0
0.27625,0.0004166666666666763,bo,0.8950521699777632,0.03041643731171112,-0.3862502722053005,0.0039025223844874057,0.7887155072330756,0.0033430150516342017,0.22768255520752423,0.0009650453199829684,0.16424382094304169,0.003319678160354167,2,25,430.0
0.2591666666666667,0.015833333333333324,bo_marginal_random,0.8866470640518662,0.05550138639870811,-0.3723879377386142,0.006383789182350413,0.7584011867667622,0.027628269750640255,0.2189315646667609,0.007975594488887877,0.15792226138799598,0.008025952013245921,2,25,430.0
0.2716666666666667,0.028333333333333335,random,0.8674726344578985,0.045821483861017975,-0.3652055175498654,0.004409861156442013,0.7293374530955951,0.02394056597002714,0.21054158743740892,0.00691104610367356,0.15743296563308012,0.006524386849679403,2,26,444.0
0.41000000000000003,0.018333333333333368,fixed_dumb,1.0468690449146916,0.12651811214628694,-0.5289829064485669,0.014974096003781912,1.1147340501244543,0.02392176289163006,0.3217960019570977,0.006905618122486551,0.25125817624838476,0.01127406800771881,2,26,444.0
0.3095833333333334,0.012083333333333335,bo,0.9028322047540807,0.07460484316468047,-0.397529338070737,0.01107956427664053,0.7962247409518508,0.0020723871062842125,0.22985028426199555,0.0005982466268391468,0.1695872181113788,0.002326356382969491,2,26,444.0
0.27125,0.04791666666666665,bo_marginal_random,0.8626925574067793,0.10708331269460769,-0.376476760424477,0.028669404283790584,0.7703988949237166,0.02072193144054274,0.22239500468379902,0.005981906347663157,0.16252631994824912,0.0021642110789598518,2,26,444.0
0.23,0.0050000000000000044,random,0.8524378234762162,0.046426538659502026,-0.3615633453118189,0.0064875952719651575,0.7580132014880133,0.0020609374854887452,0.21881956296419725,0.0005949414060149455,0.1626257141636098,0.001543933745745213,2,27,458.0
0.36416666666666664,0.029166666666666702,fixed_dumb,1.0172124509426517,0.005895285701804198,-0.5097297968833985,0.008450457995399174,1.0980054986979195,0.05249013259543034,0.31696688512246657,0.015152596091885462,0.24473719610477743,0.00797931578739744,2,27,458.0
0.26583333333333337,0.014999999999999986,bo,0.843498470230267,0.0987364319966359,-0.365240733349951,0.0156351466291548,0.7428161531632105,0.006968052278955694,0.21443255299359093,0.002011503429491232,0.16061446414137381,0.0022549679651076154,2,27,458.0
0.245,0.028333333333333363,bo_marginal_random,0.9203496058308458,0.14247897554385114,-0.3595192759240605,0.007137357190409116,0.7144166248695039,9.424791879220074e-05,0.20623431534097597,2.7207030642642516e-05,0.15004656784824205,0.001427795184084521,2,27,458.0
0.21958333333333335,0.010416666666666644,random,0.9336856563823306,0.04023854643271785,-0.36593410617664646,0.015357104039784908,0.7540299842956798,0.030238429583132054,0.21766970720508005,0.008729082729846446,0.1607377315867916,0.005768189209506933,2,28,472.0
0.3854166666666667,0.012083333333333335,fixed_dumb,1.0127297042780479,0.05482680356419495,-0.5062835776920742,0.0038965315483945884,1.069217274396826,0.015959054276789786,0.30865644059760267,0.004606982141358212,0.2300489209753656,0.0066584213906953765,2,28,472.0
0.20041666666666666,0.01958333333333334,bo,0.8822112119975197,0.07494985213388594,-0.35781627621914086,0.004769576011781573,0.7603390872608471,0.02552602219162242,0.21949098835272224,0.007368727891836804,0.16275716139757618,0.005571846441028747,2,28,472.0
0.2554166666666667,0.0004166666666666763,bo_marginal_random,0.9066634955555561,0.12732422580434305,-0.3804281774539849,0.005672810100189385,0.7825670941449415,0.024094371076819554,0.22590766123176262,0.006955445813578265,0.16520968527690402,0.005267656441744956,2,28,472.0
0.28875,0.00708333333333333,random,0.8733040932909903,0.09965503216803123,-0.37840195903387297,0.008832705037342431,0.7582365901102,0.0022102186070447893,0.21888404970477393,0.0006380351538726042,0.15994649094639246,0.004666792435478143,2,29,486.0
0.3783333333333334,3.925231146709438e-17,fixed_dumb,1.018368966356491,0.06723763070367827,-0.4949772362079624,0.012373483556772508,1.034231807523143,0.019571205862031205,0.2985570062389799,0.0056497204864046635,0.22863838349474747,0.0030131476590128797,2,29,486.0
0.28875000000000006,0.01125000000000001,bo,0.9105453285201267,0.07127165362361865,-0.3942913487255988,0.001036721409249236,0.8003783082941627,0.011355130942308556,0.23104931587358607,0.003277943953112636,0.17199397740152408,0.0010776325627292194,2,29,486.0
0.28708333333333336,0.015416666666666662,bo_marginal_random,0.8886796802536499,0.0676897037825267,-0.38821231195003814,0.011114834193723222,0.7883377656020292,0.0017032888873301788,0.2275735105913398,0.0004916971488038852,0.17121773016395486,9.287316637654475e-05,2,29,486.0
0.27958333333333335,0.011249999999999982,random,0.8752033146070928,0.0088745156105699,-0.3780012906403397,0.006067393426809425,0.7641292907195225,0.008201059190897808,0.22058512584629714,0.0023674418657524537,0.16458629898755855,0.002294950590821132,2,30,500.0
0.3925,0.029166666666666674,fixed_dumb,1.006444719373153,0.01682388540215224,-0.5281882147533914,0.006236712516834275,1.1411399990458175,0.009482433233779619,0.3294187428160761,0.002737342690047634,0.2565088093679624,0.00016314129247665954,2,30,500.0
0.24833333333333335,0.04166666666666667,bo,0.8888569158589952,0.07076972190373959,-0.36702091024576533,0.012471618727874278,0.7484256849131979,0.01739678804069944,0.21605188532653247,0.005022020129166346,0.1581766289776536,0.0014796221447542085,2,30,500.0
0.2783333333333333,0.03083333333333331,bo_marginal_random,0.9040304933230323,0.09373172137479646,-0.38064024278294906,0.013578185436853435,0.7643673932187622,0.012135856587983662,0.22065386011731247,0.003503320033959534,0.1611955781791976,0.0004848114764380296,2,30,500.0
