batch,bo_random_fraction,budget,coverage_error,coverage_weight,design_space,dumb_psi_unit,estimator,flow_samples_per_pair,fmpe_max_iter,initial,marginal_jitter_std,method,n_obs,noise_std,ode_steps,posterior_mean_predictive_rmse,posterior_quality_objective,posterior_samples,predictive_weight,prior_std_normalized_rmse,prior_std_normalized_rmse_alpha,prior_std_normalized_rmse_beta,prior_std_normalized_rmse_delta,prior_std_normalized_rmse_gamma,range_normalized_rmse,range_normalized_rmse_alpha,range_normalized_rmse_beta,range_normalized_rmse_delta,range_normalized_rmse_gamma,raw_rmse,replicate,reward_mode,rmse_alpha,rmse_beta,rmse_delta,rmse_gamma,round,rounds,seed,simulations,target_mode,target_psi_unit,target_seed,target_theta,validation
5,0.2,80,0.24083333333333334,0.25,wide_window,"0.0,0.0",rectified_fmpe,3,220,80,0.04,random,10,0.06,8,1.0115213006399784,-0.43209993826002435,32,0.1,0.937869052153403,0.8712125995263799,0.8354322013008453,0.913496845982798,1.1313345618035886,0.27073947486269323,0.25149741442897455,0.24116850315536234,0.2637038249660213,0.32658815690041465,0.2063798080767875,0,rmse_coverage_predictive,0.25149741442897455,0.01447011018932174,0.015822229497961277,0.32658815690041465,0,20,717,80,validation_set,"0.5,0.5",919,"1.0,0.05,1.0,0.05",100
5,0.2,85,0.34416666666666673,0.25,wide_window,"0.0,0.0",rectified_fmpe,3,220,80,0.04,random,10,0.06,8,0.9700826642191654,-0.4805847690957641,32,0.1,1.030690905972222,0.8833844220353169,0.9773507902246432,1.058330538861477,1.203697872767451,0.29753483600718084,0.2550111169300061,0.2821368709144456,0.30551371075163775,0.34747764543263393,0.2158668381562395,0,rmse_coverage_predictive,0.2550111169300061,0.016928212254866737,0.018330822645098263,0.34747764543263393,1,20,717,85,validation_set,"0.5,0.5",919,"1.0,0.05,1.0,0.05",100
5,0.2,90,0.2816666666666667,0.25,wide_window,"0.0,0.0",rectified_fmpe,3,220,80,0.04,random,10,0.06,8,1.003160934117174,-0.4479607732923926,32,0.1,0.9603460083360774,1.0436907114686709,0.9387041924285372,0.8583703429595634,1.0006187864875384,0.2772280132140085,0.30128755660857465,0.27098055909402313,0.24779017428604766,0.2888537628673885,0.20898329936371782,0,rmse_coverage_predictive,0.30128755660857465,0.016258833545641387,0.014867410457162859,0.2888537628673885,2,20,717,90,validation_set,"0.5,0.5",919,"1.0,0.05,1.0,0.05",100
5,0.2,95,0.3383333333333334,0.25,wide_window,"0.0,0.0",rectified_fmpe,3,220,80,0.04,random,10,0.06,8,0.9841558612259808,-0.4642798523697851,32,0.1,0.9743857340143348,1.0144160519323555,0.9881538094079172,0.9062043564707358,0.9887687182463305,0.28128093291385364,0.29283669032671145,0.28525543393120756,0.26159866457459546,0.2854329428229001,0.204795378570943,0,rmse_coverage_predictive,0.29283669032671145,0.017115326035872454,0.015695919874475727,0.2854329428229001,3,20,717,95,validation_set,"0.5,0.5",919,"1.0,0.05,1.0,0.05",100
5,0.2,100,0.3275,0.25,wide_window,"0.0,0.0",rectified_fmpe,3,220,80,0.04,random,10,0.06,8,0.9477678739599485,-0.4563097669433556,32,0.1,0.9687636586361733,0.9841455554367052,0.9138059215436722,0.8649052447112093,1.1121979128531068,0.2796579795473607,0.2840983506765778,0.26379304739515663,0.24967663792876793,0.3210638821889406,0.21463272118130014,0,rmse_coverage_predictive,0.2840983506765778,0.015827582843709397,0.014980598275726075,0.3210638821889406,4,20,717,100,validation_set,"0.5,0.5",919,"1.0,0.05,1.0,0.05",100
5,0.2,105,0.3958333333333333,0.25,wide_window,"0.0,0.0",rectified_fmpe,3,220,80,0.04,random,10,0.06,8,0.9617397566194826,-0.47922285352649585,32,0.1,0.9841185141559433,1.024593598649756,0.9432576674216184,0.8754833491228241,1.0931394414295748,0.28409054453121424,0.2957746949952021,0.27229503410052497,0.25273027364354883,0.3155621753855811,0.21654042265250809,0,rmse_coverage_predictive,0.2957746949952021,0.016337702046031497,0.01516381641861293,0.3155621753855811,5,20,717,105,validation_set,"0.5,0.5",919,"1.0,0.05,1.0,0.05",100
5,0.2,110,0.4008333333333334,0.25,wide_window,"0.0,0.0",rectified_fmpe,3,220,80,0.04,random,10,0.06,8,1.0125617869783272,-0.49135713992574565,32,0.1,1.004217520506141,1.0543736526286516,0.9977167099546042,0.9146210593011429,1.0501586601401653,0.2898926278945796,0.3043714560858005,0.28801600553363926,0.2640283573970078,0.3031546925618706,0.2151129598587127,0,rmse_coverage_predictive,0.3043714560858005,0.017280960332018355,0.015841701443820466,0.3031546925618706,6,20,717,110,validation_set,"0.5,0.5",919,"1.0,0.05,1.0,0.05",100
5,0.2,115,0.3333333333333333,0.25,wide_window,"0.0,0.0",rectified_fmpe,3,220,80,0.04,random,10,0.06,8,0.9911306515416225,-0.45724882541818146,32,0.1,0.9519435309743638,0.9583437975710243,0.984186225127173,0.8428365449158097,1.0224075562834483,0.2748024269306859,0.2766500247519196,0.2841100910049475,0.2433059530449984,0.2951436389208782,0.20257634522621845,0,rmse_coverage_predictive,0.2766500247519196,0.01704660546029685,0.014598357182699905,0.2951436389208782,7,20,717,115,validation_set,"0.5,0.5",919,"1.0,0.05,1.0,0.05",100
5,0.2,120,0.4025,0.25,wide_window,"0.0,0.0",rectified_fmpe,3,220,80,0.04,random,10,0.06,8,1.0020095867931378,-0.47841566557479925,32,0.1,0.9615989520022671,0.9677390793819589,0.9584609977444601,0.8747888369207817,1.0454068939618673,0.27758970689548546,0.2793622089932473,0.2766838575277607,0.25252978524014646,0.30178297582078734,0.20592558073661965,0,rmse_coverage_predictive,0.2793622089932473,0.01660103145166564,0.015151787114408788,0.30178297582078734,8,20,717,120,validation_set,"0.5,0.5",919,"1.0,0.05,1.0,0.05",100
5,0.2,125,0.39083333333333337,0.25,wide_window,"0.0,0.0",rectified_fmpe,3,220,80,0.04,random,10,0.06,8,0.9363132130109658,-0.46574130550984744,32,0.1,0.950555201994,0.9484424494259494,0.9196270735953926,0.8687333214440514,1.0654179635106065,0.2744016508754175,0.27379175174347,0.26547346924718385,0.2507817084948604,0.3075596740161558,0.2061765019741368,0,rmse_coverage_predictive,0.27379175174347,0.01592840815483103,0.015046902509691623,0.3075596740161558,9,20,717,125,validation_set,"0.5,0.5",919,"1.0,0.05,1.0,0.05",100
5,0.2,130,0.32083333333333336,0.25,wide_window,"0.0,0.0",rectified_fmpe,3,220,80,0.04,random,10,0.06,8,0.9628817115804378,-0.438020322663472,32,0.1,0.9059450809269463,0.9395080210320623,0.8439748224717194,0.8165999437987197,1.0236975364052836,0.2615238181720949,0.2712126044243369,0.24363454547165692,0.23573209868621206,0.2955160241061736,0.2008106919420041,0,rmse_coverage_predictive,0.2712126044243369,0.014618072728299415,0.014143925921172723,0.2955160241061736,10,20,717,130,validation_set,"0.5,0.5",919,"1.0,0.05,1.0,0.05",100
5,0.2,135,0.32166666666666666,0.25,wide_window,"0.0,0.0",rectified_fmpe,3,220,80,0.04,random,10,0.06,8,1.0049521606686216,-0.45768546768718577,32,0.1,0.9587718226654294,0.9086947464847657,0.8901557537239425,0.8962156754110467,1.1400211150419626,0.27677358495365695,0.2623175782470891,0.2569658320166062,0.25871518072526506,0.3290957488256673,0.2107090397285831,0,rmse_coverage_predictive,0.2623175782470891,0.015417949920996373,0.015522910843515904,0.3290957488256673,11,20,717,135,validation_set,"0.5,0.5",919,"1.0,0.05,1.0,0.05",100
5,0.2,140,0.37000000000000005,0.25,wide_window,"0.0,0.0",rectified_fmpe,3,220,80,0.04,random,10,0.06,8,0.9585987074205041,-0.47273073618652905,32,0.1,0.9850895742843393,0.9462629085791768,0.911665158352837,0.9660096688170762,1.116420561388267,0.2843708654444786,0.27316257249617304,0.26317506229290666,0.2788629711656601,0.32228285582317456,0.21154983017165768,0,rmse_coverage_predictive,0.27316257249617304,0.015790503737574398,0.016731778269939605,0.32228285582317456,12,20,717,140,validation_set,"0.5,0.5",919,"1.0,0.05,1.0,0.05",100
5,0.2,145,0.3758333333333333,0.25,wide_window,"0.0,0.0",rectified_fmpe,3,220,80,0.04,random,10,0.06,8,0.9782711345325921,-0.48724005746008986,32,0.1,1.0234847940339584,0.9829715190842211,0.9918124796792476,1.0063906231656554,1.1127645542067095,0.2954546106734973,0.2837594355745052,0.28631160106422193,0.29051994859730323,0.32122745745795883,0.21465405361117654,0,rmse_coverage_predictive,0.2837594355745052,0.017178696063853315,0.017431196915838193,0.32122745745795883,13,20,717,145,validation_set,"0.5,0.5",919,"1.0,0.05,1.0,0.05",100
5,0.2,150,0.3825,0.25,wide_window,"0.0,0.0",rectified_fmpe,3,220,80,0.04,random,10,0.06,8,0.9875497683537169,-0.462471248242828,32,0.1,0.9286954062869033,0.8430969776557378,0.7812272947432166,0.996815031433646,1.0936423213150126,0.26809127140745626,0.24338113350125007,0.22552089445913961,0.2877557133652404,0.3157073443041949,0.1996163133863587,0,rmse_coverage_predictive,0.24338113350125007,0.013531253667548376,0.017265342801914423,0.3157073443041949,14,20,717,150,validation_set,"0.5,0.5",919,"1.0,0.05,1.0,0.05",100
5,0.2,155,0.3216666666666667,0.25,wide_window,"0.0,0.0",rectified_fmpe,3,220,80,0.04,random,10,0.06,8,0.9476331799243802,-0.4418722270957876,32,0.1,0.9238490277696229,0.9482354267348791,0.8115387904715226,0.8790358575857309,1.0565860362863586,0.2666922424366829,0.2737319894402611,0.23427106956827845,0.2537557945022276,0.30501011623596447,0.2051766085738139,0,rmse_coverage_predictive,0.2737319894402611,0.014056264174096706,0.015225347670133657,0.30501011623596447,15,20,717,155,validation_set,"0.5,0.5",919,"1.0,0.05,1.0,0.05",100
5,0.2,160,0.24916666666666668,0.25,wide_window,"0.0,0.0",rectified_fmpe,3,220,80,0.04,random,10,0.06,8,1.0057823217968316,-0.42743634755384446,32,0.1,0.916485062278892,0.8862999997076465,0.8404651823481591,0.8921318681781722,1.04704319888159,0.26456644870749463,0.2558527717069875,0.2426213996366088,0.25753628712265575,0.3022553363637265,0.198286165332068,0,rmse_coverage_predictive,0.2558527717069875,0.014557283978196528,0.015452177227359344,0.3022553363637265,16,20,717,160,validation_set,"0.5,0.5",919,"1.0,0.05,1.0,0.05",100
5,0.2,165,0.3541666666666667,0.25,wide_window,"0.0,0.0",rectified_fmpe,3,220,80,0.04,random,10,0.06,8,1.02883719458726,-0.46432857025645224,32,0.1,0.9453643609246394,0.9811469994470131,0.8973264782354862,0.8676828848151091,1.035301081200949,0.2729031841310596,0.28323274212266336,0.2590358418801184,0.25047847355961717,0.29886567896183935,0.20616067810738514,0,rmse_coverage_predictive,0.28323274212266336,0.015542150512807105,0.015028708413577029,0.29886567896183935,17,20,717,165,validation_set,"0.5,0.5",919,"1.0,0.05,1.0,0.05",100
5,0.2,170,0.3325,0.25,wide_window,"0.0,0.0",rectified_fmpe,3,220,80,0.04,random,10,0.06,8,0.9353739504306812,-0.4425514421268961,32,0.1,0.9210666774505268,0.9258014361251621,0.9020654050737511,0.829478090253689,1.0269217783495053,0.265889047083828,0.2672558541815023,0.2604038522229895,0.23944969934743202,0.2964467825833881,0.1998480130420988,0,rmse_coverage_predictive,0.2672558541815023,0.01562423113337937,0.014366981960845921,0.2964467825833881,18,20,717,170,validation_set,"0.5,0.5",919,"1.0,0.05,1.0,0.05",100
5,0.2,175,0.36166666666666664,0.25,wide_window,"0.0,0.0",rectified_fmpe,3,220,80,0.04,random,10,0.06,8,0.9984779637699986,-0.46284052863152997,32,0.1,0.9442311890508122,0.9754162582409315,0.8885103881155877,0.8661405893111631,1.0468575205355666,0.27257606558786346,0.2815784196336697,0.25649085587815673,0.2500332511974306,0.3022017356421968,0.20680557928742133,0,rmse_coverage_predictive,0.2815784196336697,0.015389451352689402,0.015001995071845834,0.3022017356421968,19,20,717,175,validation_set,"0.5,0.5",919,"1.0,0.05,1.0,0.05",100
5,0.2,180,0.3425,0.25,wide_window,"0.0,0.0",rectified_fmpe,3,220,80,0.04,random,10,0.06,8,0.9165053802363972,-0.4594919278026305,32,0.1,0.977626251651748,0.9622831888039932,0.9288954985143548,0.9210352199504462,1.098291099338198,0.2822163897789908,0.27778722904631853,0.2681490330581472,0.26587996608575815,0.3170493309257394,0.21106833530799662,0,rmse_coverage_predictive,0.27778722904631853,0.01608894198348883,0.01595279796514549,0.3170493309257394,20,20,717,180,validation_set,"0.5,0.5",919,"1.0,0.05,1.0,0.05",100
5,0.2,80,0.24083333333333334,0.25,wide_window,"0.0,0.0",rectified_fmpe,3,220,80,0.04,fixed_dumb,10,0.06,8,1.0115213006399784,-0.43209993826002435,32,0.1,0.937869052153403,0.8712125995263799,0.8354322013008453,0.913496845982798,1.1313345618035886,0.27073947486269323,0.25149741442897455,0.24116850315536234,0.2637038249660213,0.32658815690041465,0.2063798080767875,0,rmse_coverage_predictive,0.25149741442897455,0.01447011018932174,0.015822229497961277,0.32658815690041465,0,20,717,80,validation_set,"0.5,0.5",919,"1.0,0.05,1.0,0.05",100
5,0.2,85,0.3491666666666667,0.25,wide_window,"0.0,0.0",rectified_fmpe,3,220,80,0.04,fixed_dumb,10,0.06,8,1.0009319355196418,-0.47617976217279406,32,0.1,1.0004148863029663,0.8659339875824879,0.9606969211621578,1.0019482251019562,1.1730804113652629,0.28879490195416324,0.24997361041559774,0.27732931302130825,0.2892375387383411,0.3386391456414058,0.2107968978133839,0,rmse_coverage_predictive,0.24997361041559774,0.016639758781278494,0.017354252324300466,0.3386391456414058,1,20,717,85,validation_set,"0.5,0.5",919,"1.0,0.05,1.0,0.05",100
5,0.2,90,0.32833333333333337,0.25,wide_window,"0.0,0.0",rectified_fmpe,3,220,80,0.04,fixed_dumb,10,0.06,8,1.0789123220027703,-0.48322789885967565,32,0.1,1.0158593456193528,1.1232029753911963,0.9936964783105952,0.8907675684011295,1.0557703603744908,0.2932533333260653,0.32424077009834795,0.2868554646227026,0.25714244770089023,0.30477465088232025,0.22279695615065448,0,rmse_coverage_predictive,0.32424077009834795,0.017211327877362157,0.015428546862053414,0.30477465088232025,2,20,717,90,validation_set,"0.5,0.5",919,"1.0,0.05,1.0,0.05",100
5,0.2,95,0.17666666666666667,0.25,wide_window,"0.0,0.0",rectified_fmpe,3,220,80,0.04,fixed_dumb,10,0.06,8,0.968268665418565,-0.411536461289483,32,0.1,0.9371881941293503,1.0167894212855417,1.0082526608904263,0.8751237210877615,0.8485869732536717,0.2705429280809598,0.29352182304418567,0.2910574725881221,0.252626457972123,0.2449659587194086,0.19150594378577535,0,rmse_coverage_predictive,0.29352182304418567,0.017463448355287323,0.015157587478327381,0.2449659587194086,3,20,717,95,validation_set,"0.5,0.5",919,"1.0,0.05,1.0,0.05",100
5,0.2,100,0.3316666666666667,0.25,wide_window,"0.0,0.0",rectified_fmpe,3,220,80,0.04,fixed_dumb,10,0.06,8,1.023465813783489,-0.45386077253407864,32,0.1,0.9304491184045658,0.9447299672869951,0.8944685555809339,0.8595790750129277,1.0230188757374068,0.26859752448906304,0.2727200504623265,0.2582108306731539,0.2481391051742417,0.2953201116465301,0.2012783391985026,0,rmse_coverage_predictive,0.2727200504623265,0.015492649840389236,0.014888346310454501,0.2953201116465301,4,20,717,100,validation_set,"0.5,0.5",919,"1.0,0.05,1.0,0.05",100
5,0.2,105,0.385,0.25,wide_window,"0.0,0.0",rectified_fmpe,3,220,80,0.04,fixed_dumb,10,0.06,8,1.0183093833633066,-0.4835897125123344,32,0.1,0.9890314057590948,1.0664938596790554,0.9392111088255156,0.9183432864221065,1.0320773681097017,0.28550877417600373,0.30787025848739286,0.2711268932531492,0.2651028718121444,0.29793507315132844,0.214515177460931,0,rmse_coverage_predictive,0.30787025848739286,0.01626761359518895,0.015906172308728664,0.29793507315132844,5,20,717,105,validation_set,"0.5,0.5",919,"1.0,0.05,1.0,0.05",100
5,0.2,110,0.3908333333333333,0.25,wide_window,"0.0,0.0",rectified_fmpe,3,220,80,0.04,fixed_dumb,10,0.06,8,1.030187186332101,-0.4921179513651585,32,0.1,1.0094076852431852,1.138296622663781,0.9734313344813543,0.9291769566393594,0.9967258271882465,0.29139089939861507,0.32859793075628796,0.2810054215002133,0.2682302830202657,0.2877299623176933,0.21869408589772457,0,rmse_coverage_predictive,0.32859793075628796,0.016860325290012797,0.016093816981215942,0.2877299623176933,6,20,717,110,validation_set,"0.5,0.5",919,"1.0,0.05,1.0,0.05",100
5,0.2,115,0.385,0.25,wide_window,"0.0,0.0",rectified_fmpe,3,220,80,0.04,fixed_dumb,10,0.06,8,0.9702109916586579,-0.48741214955850976,32,0.1,1.0189344877434738,1.1411643650166574,1.017465518064169,0.9055570624210874,1.0115510054719807,0.294141050392644,0.32942577666598777,0.29371699537275503,0.2614118068776908,0.2920096226541424,0.22042433109614337,0,rmse_coverage_predictive,0.32942577666598777,0.0176230197223653,0.015684708412661445,0.2920096226541424,7,20,717,115,validation_set,"0.5,0.5",919,"1.0,0.05,1.0,0.05",100
5,0.2,120,0.375,0.25,wide_window,"0.0,0.0",rectified_fmpe,3,220,80,0.04,fixed_dumb,10,0.06,8,1.0555776860811568,-0.49290427052527463,32,0.1,1.0170481164900251,1.0982378618268847,1.0308645764138558,0.8779699121308615,1.061120115588499,0.29359650191715897,0.3170339625799955,0.29758497034529463,0.25344808255457246,0.3063189921887734,0.22073282055868665,0,rmse_coverage_predictive,0.3170339625799955,0.017855098220717677,0.015206884953274349,0.3063189921887734,8,20,717,120,validation_set,"0.5,0.5",919,"1.0,0.05,1.0,0.05",100
5,0.2,125,0.4091666666666667,0.25,wide_window,"0.0,0.0",rectified_fmpe,3,220,80,0.04,fixed_dumb,10,0.06,8,1.0067337738130064,-0.4896842136585646,32,0.1,0.9932243385390257,1.0930760270489162,0.9502540912003212,0.8416491151670488,1.087918120739817,0.2867191696105973,0.31554386923070926,0.2743147276765244,0.24296317160245298,0.3140549099327026,0.2228686982750136,0,rmse_coverage_predictive,0.31554386923070926,0.01645888366059146,0.014577790296147178,0.3140549099327026,9,20,717,125,validation_set,"0.5,0.5",919,"1.0,0.05,1.0,0.05",100
5,0.2,130,0.3866666666666667,0.25,wide_window,"0.0,0.0",rectified_fmpe,3,220,80,0.04,fixed_dumb,10,0.06,8,1.0280292620624367,-0.4881213175125132,32,0.1,0.9999189055363467,1.0930269095716287,0.9523208041479998,0.8254404904462855,1.1288874179794721,0.28865172463960287,0.31552969023634236,0.2749113363148643,0.23828414467958986,0.32588172732761495,0.2270651699963342,0,rmse_coverage_predictive,0.31552969023634236,0.016494680178891857,0.01429704868077539,0.32588172732761495,10,20,717,130,validation_set,"0.5,0.5",919,"1.0,0.05,1.0,0.05",100
5,0.2,135,0.36166666666666664,0.25,wide_window,"0.0,0.0",rectified_fmpe,3,220,80,0.04,fixed_dumb,10,0.06,8,0.9860277500150455,-0.4859383714822087,32,0.1,1.0285573443337808,1.2067457024039798,1.0138216208696489,0.8529059587723484,1.040756095289146,0.2969189298140375,0.34835747806318096,0.29266509285967723,0.24621274244532562,0.30044040588796617,0.23029543789918047,0,rmse_coverage_predictive,0.34835747806318096,0.017559905571580634,0.014772764546719537,0.30044040588796617,11,20,717,135,validation_set,"0.5,0.5",919,"1.0,0.05,1.0,0.05",100
5,0.2,140,0.42500000000000004,0.25,wide_window,"0.0,0.0",rectified_fmpe,3,220,80,0.04,fixed_dumb,10,0.06,8,0.9563672019734172,-0.5008434528494529,32,0.1,1.035616500436484,1.1117317949573742,1.0378261748670679,0.8685025953094397,1.1244054366120544,0.29895673265211115,0.32092932554265297,0.29959461071577065,0.25071510359689686,0.32458789075312416,0.22852918019096252,0,rmse_coverage_predictive,0.32092932554265297,0.017975676642946237,0.01504290621581381,0.32458789075312416,12,20,717,140,validation_set,"0.5,0.5",919,"1.0,0.05,1.0,0.05",100
5,0.2,145,0.4566666666666667,0.25,wide_window,"0.0,0.0",rectified_fmpe,3,220,80,0.04,fixed_dumb,10,0.06,8,1.0312835681531298,-0.523390444526314,32,0.1,1.0603456424259496,1.1268205028646407,1.0058753126949487,0.9864518368099292,1.1222349173342792,0.3060954210443343,0.32528506032864496,0.2903711912778138,0.2847641167624067,0.32396131580847176,0.22986776977464507,0,rmse_coverage_predictive,0.32528506032864496,0.01742227147666883,0.017085847005744403,0.32396131580847176,13,20,717,145,validation_set,"0.5,0.5",919,"1.0,0.05,1.0,0.05",100
5,0.2,150,0.3866666666666667,0.25,wide_window,"0.0,0.0",rectified_fmpe,3,220,80,0.04,fixed_dumb,10,0.06,8,1.065486224128214,-0.4898223795449461,32,0.1,0.9928360849913256,0.9995670506338574,0.9372863075492042,0.9164977912734795,1.117993190508761,0.286607090465458,0.28855015287826896,0.2705712509856417,0.2645701232517204,0.3227368347462009,0.2167578126476572,0,rmse_coverage_predictive,0.28855015287826896,0.016234275059138503,0.015874207395103226,0.3227368347462009,14,20,717,150,validation_set,"0.5,0.5",919,"1.0,0.05,1.0,0.05",100
5,0.2,155,0.4908333333333334,0.25,wide_window,"0.0,0.0",rectified_fmpe,3,220,80,0.04,fixed_dumb,10,0.06,8,1.0409095491855187,-0.5294197047119071,32,0.1,1.0483078734328215,1.1413052899853626,0.945650671780938,0.9670160646762317,1.1392594672887535,0.30262041646002186,0.3294664582002966,0.2729858349560375,0.2791534926257575,0.3288758800579958,0.2330538050224044,0,rmse_coverage_predictive,0.3294664582002966,0.01637915009736225,0.01674920955754545,0.3288758800579958,15,20,717,155,validation_set,"0.5,0.5",919,"1.0,0.05,1.0,0.05",100
5,0.2,160,0.24083333333333334,0.25,wide_window,"0.0,0.0",rectified_fmpe,3,220,80,0.04,fixed_dumb,10,0.06,8,0.9983476058459868,-0.4399065063676057,32,0.1,0.9694752990848782,1.120072035152704,0.9505048224614154,0.8274078468284878,0.9799164918969057,0.2798634124496737,0.3233369455035929,0.27438710755706786,0.23885207154801802,0.28287752519001613,0.21508306159131657,0,rmse_coverage_predictive,0.3233369455035929,0.01646322645342407,0.014331124292881081,0.28287752519001613,16,20,717,160,validation_set,"0.5,0.5",919,"1.0,0.05,1.0,0.05",100
5,0.2,165,0.4116666666666667,0.25,wide_window,"0.0,0.0",rectified_fmpe,3,220,80,0.04,fixed_dumb,10,0.06,8,1.0456094097663982,-0.5129315285225784,32,0.1,1.0581234206680459,1.2082039148578392,0.9846999065116331,0.8669960735885489,1.1725937877141621,0.3054539208792719,0.34877842773956663,0.28425837804774534,0.25028020823634867,0.3384986694934272,0.24328179942946568,0,rmse_coverage_predictive,0.34877842773956663,0.01705550268286472,0.01501681249418092,0.3384986694934272,17,20,717,165,validation_set,"0.5,0.5",919,"1.0,0.05,1.0,0.05",100
5,0.2,170,0.3558333333333334,0.25,wide_window,"0.0,0.0",rectified_fmpe,3,220,80,0.04,fixed_dumb,10,0.06,8,0.9973474614472241,-0.4897686539362841,32,0.1,1.042956383759276,1.212704935462781,1.0050905969372605,0.9168328823580068,1.037197120279055,0.3010755744582283,0.35007776046851224,0.2901446633508445,0.26466685571564785,0.2994130182979086,0.2306283974240706,0,rmse_coverage_predictive,0.35007776046851224,0.01740867980105067,0.01588001134293887,0.2994130182979086,18,20,717,170,validation_set,"0.5,0.5",919,"1.0,0.05,1.0,0.05",100
5,0.2,175,0.395,0.25,wide_window,"0.0,0.0",rectified_fmpe,3,220,80,0.04,fixed_dumb,10,0.06,8,1.0704045824493993,-0.5077321338161662,32,0.1,1.0459566460236849,1.2492005277087919,0.9072428807920138,0.8796286304400517,1.1477545451538822,0.3019416755712263,0.3606131304722468,0.26189846072282036,0.25392691328573286,0.3313281978041052,0.2451016398255942,0,rmse_coverage_predictive,0.3606131304722468,0.01571390764336922,0.01523561479714397,0.3313281978041052,19,20,717,175,validation_set,"0.5,0.5",919,"1.0,0.05,1.0,0.05",100
5,0.2,180,0.42500000000000004,0.25,wide_window,"0.0,0.0",rectified_fmpe,3,220,80,0.04,fixed_dumb,10,0.06,8,0.9792872974724817,-0.5033243731236683,32,0.1,1.0362709063816797,1.182175462382006,0.9813793311111131,0.8325232852826087,1.149005546750991,0.29914564337642013,0.34126466071781075,0.28329981049706804,0.24032877143227285,0.3316893308585289,0.23821011784968438,0,rmse_coverage_predictive,0.34126466071781075,0.01699798862982408,0.01441972628593637,0.3316893308585289,20,20,717,180,validation_set,"0.5,0.5",919,"1.0,0.05,1.0,0.05",100
5,0.2,80,0.24083333333333334,0.25,wide_window,"0.0,0.0",rectified_fmpe,3,220,80,0.04,bo,10,0.06,8,1.0115213006399784,-0.43209993826002435,32,0.1,0.937869052153403,0.8712125995263799,0.8354322013008453,0.913496845982798,1.1313345618035886,0.27073947486269323,0.25149741442897455,0.24116850315536234,0.2637038249660213,0.32658815690041465,0.2063798080767875,0,rmse_coverage_predictive,0.25149741442897455,0.01447011018932174,0.015822229497961277,0.32658815690041465,0,20,717,80,validation_set,"0.5,0.5",919,"1.0,0.05,1.0,0.05",100
5,0.2,85,0.3641666666666667,0.25,wide_window,"0.0,0.0",rectified_fmpe,3,220,80,0.04,bo,10,0.06,8,1.0244532623273972,-0.4858295833551616,32,0.1,1.0127044397713365,0.8803244820530376,0.9465895792785133,0.9926271567503577,1.2312765410034374,0.29234259045575517,0.2541277883437696,0.27325687420427214,0.28654677807737594,0.355438921197603,0.21879337379236752,0,rmse_coverage_predictive,0.2541277883437696,0.016395412452256328,0.017192806684642556,0.355438921197603,1,20,717,85,validation_set,"0.5,0.5",919,"1.0,0.05,1.0,0.05",100
5,0.2,90,0.325,0.25,wide_window,"0.0,0.0",rectified_fmpe,3,220,80,0.04,bo,10,0.06,8,1.0347776244675992,-0.46750980271272075,32,0.1,0.9795857224172643,1.0488666386514442,0.9673620281862493,0.8576443734988985,1.0444698493324653,0.2827820402659608,0.30278171808471466,0.2792533636885767,0.24758060495427853,0.30151247433627343,0.2139438851289076,0,rmse_coverage_predictive,0.30278171808471466,0.0167552018213146,0.01485483629725671,0.30151247433627343,2,20,717,90,validation_set,"0.5,0.5",919,"1.0,0.05,1.0,0.05",100
5,0.2,95,0.2941666666666667,0.25,wide_window,"0.0,0.0",rectified_fmpe,3,220,80,0.04,bo,10,0.06,8,1.0206583824093562,-0.44197783195236384,32,0.1,0.9227338801405304,0.9765823466236674,0.9020904560457179,0.866587359911226,0.94567535798151,0.26637032704476155,0.28191504035450543,0.2604110838156938,0.25016222276053673,0.2729929612483103,0.19651378394541302,0,rmse_coverage_predictive,0.28191504035450543,0.015624665028941625,0.015009733365632204,0.2729929612483103,3,20,717,95,validation_set,"0.5,0.5",919,"1.0,0.05,1.0,0.05",100
5,0.2,100,0.3358333333333334,0.25,wide_window,"0.0,0.0",rectified_fmpe,3,220,80,0.04,bo,10,0.06,8,1.0505452474932013,-0.4595416112735719,32,0.1,0.9371390908698631,0.9531975589874185,0.909411692249344,0.8403773574114581,1.0455697548312324,0.2705287531909184,0.2751644336361402,0.26252454266217595,0.24259604676118587,0.3018299897041716,0.20449742500932191,0,rmse_coverage_predictive,0.2751644336361402,0.015751472559730556,0.014555762805671151,0.3018299897041716,4,20,717,100,validation_set,"0.5,0.5",919,"1.0,0.05,1.0,0.05",100
5,0.2,105,0.4083333333333334,0.25,wide_window,"0.0,0.0",rectified_fmpe,3,220,80,0.04,bo,10,0.06,8,0.989159754459849,-0.48543234099633203,32,0.1,0.9853049263014861,1.0604102256189127,0.9335216466102473,0.9221424107704014,1.0251454222063834,0.28443303221701377,0.30611406460625556,0.26948448698238453,0.26619958454473086,0.29593399273468407,0.2131896405742926,0,rmse_coverage_predictive,0.30611406460625556,0.01616906921894307,0.01597197507268385,0.29593399273468407,5,20,717,105,validation_set,"0.5,0.5",919,"1.0,0.05,1.0,0.05",100
5,0.2,110,0.38166666666666665,0.25,wide_window,"0.0,0.0",rectified_fmpe,3,220,80,0.04,bo,10,0.06,8,0.9778236228566148,-0.47123700829304765,32,0.1,0.9631518133038239,1.0034429785881334,0.9096933497195296,0.935857485732918,1.003613439174715,0.2780379793407195,0.2896690369021494,0.2626058501702914,0.2701587856555133,0.2897182446349239,0.205155930685295,0,rmse_coverage_predictive,0.2896690369021494,0.015756351010217485,0.016209527139330798,0.2897182446349239,6,20,717,110,validation_set,"0.5,0.5",919,"1.0,0.05,1.0,0.05",100
5,0.2,115,0.34833333333333333,0.25,wide_window,"0.0,0.0",rectified_fmpe,3,220,80,0.04,bo,10,0.06,8,0.97522329699336,-0.460343985226324,32,0.1,0.9551855672664136,1.0260328725248016,0.9635827601509447,0.8761371533998222,0.954989482990086,0.2757383221936547,0.2961901775747996,0.27816238297981527,0.2529190106812099,0.2756817175387939,0.20263135436741952,0,rmse_coverage_predictive,0.2961901775747996,0.016689742978788915,0.015175140640872595,0.2756817175387939,7,20,717,115,validation_set,"0.5,0.5",919,"1.0,0.05,1.0,0.05",100
5,0.2,120,0.38333333333333336,0.25,wide_window,"0.0,0.0",rectified_fmpe,3,220,80,0.04,bo,10,0.06,8,0.9766495419661779,-0.4742243785928864,32,0.1,0.9724637054624224,1.0115777520587785,1.0476956136490922,0.8132961720708319,1.0172852840709867,0.2807260910629353,0.2920173437286862,0.30244367228454677,0.23477838193799352,0.2936649663005146,0.20738911284066325,0,rmse_coverage_predictive,0.2920173437286862,0.018146620337072806,0.01408670291627961,0.2936649663005146,8,20,717,120,validation_set,"0.5,0.5",919,"1.0,0.05,1.0,0.05",100
5,0.2,125,0.39083333333333337,0.25,wide_window,"0.0,0.0",rectified_fmpe,3,220,80,0.04,bo,10,0.06,8,1.0315427369133754,-0.47862427604713437,32,0.1,0.9621946462840741,0.9473658507314453,0.9299586326996634,0.9128469757787124,1.0586071259264755,0.27776166902246346,0.2734809644704294,0.2684559334621835,0.2635162235973877,0.3055935545598534,0.20535864500558448,0,rmse_coverage_predictive,0.2734809644704294,0.01610735600773101,0.01581097341584326,0.3055935545598534,9,20,717,125,validation_set,"0.5,0.5",919,"1.0,0.05,1.0,0.05",100
5,0.2,130,0.35166666666666674,0.25,wide_window,"0.0,0.0",rectified_fmpe,3,220,80,0.04,bo,10,0.06,8,0.980597612064247,-0.45280798927247357,32,0.1,0.9243316428133286,0.9647811197385782,0.9013802413605585,0.8376257167785061,0.9935394933756716,0.2668315613993822,0.2785083195950684,0.26020606249586414,0.24180171653111185,0.28681014697548424,0.20017565751487168,0,rmse_coverage_predictive,0.2785083195950684,0.015612363749751848,0.01450810299186671,0.28681014697548424,10,20,717,130,validation_set,"0.5,0.5",919,"1.0,0.05,1.0,0.05",100
5,0.2,135,0.3825,0.25,wide_window,"0.0,0.0",rectified_fmpe,3,220,80,0.04,bo,10,0.06,8,0.9840678157716839,-0.46605247714923936,32,0.1,0.9423073308821064,1.0037160065686546,0.8675603593989588,0.830659266344502,1.0672936912163102,0.272020695572071,0.2897478532911745,0.2504431035186187,0.23979067551442768,0.30810114996406307,0.21172678965722033,0,rmse_coverage_predictive,0.2897478532911745,0.01502658621111712,0.01438744053086566,0.30810114996406307,11,20,717,135,validation_set,"0.5,0.5",919,"1.0,0.05,1.0,0.05",100
5,0.2,140,0.41916666666666674,0.25,wide_window,"0.0,0.0",rectified_fmpe,3,220,80,0.04,bo,10,0.06,8,0.976200928041063,-0.488165926409424,32,0.1,0.9898814712245246,0.9429445272768181,1.0386867698722222,0.9572650520049123,1.020629535744146,0.2857541669386511,0.2722046383270777,0.29984304309471516,0.2763386177304286,0.2946303686023828,0.20093592710442573,0,rmse_coverage_predictive,0.2722046383270777,0.01799058258568291,0.016580317063825716,0.2946303686023828,12,20,717,140,validation_set,"0.5,0.5",919,"1.0,0.05,1.0,0.05",100
5,0.2,145,0.41416666666666674,0.25,wide_window,"0.0,0.0",rectified_fmpe,3,220,80,0.04,bo,10,0.06,8,0.9866237081369095,-0.4852119193824429,32,0.1,0.9803680607937283,1.041545622306342,0.9746228305281326,0.9309213874061245,0.9743824029343143,0.28300788190208526,0.3006683227059214,0.2813493767818862,0.26873385680665296,0.28127997131388044,0.2061945766918498,0,rmse_coverage_predictive,0.3006683227059214,0.016880962606913172,0.016124031408399176,0.28127997131388044,13,20,717,145,validation_set,"0.5,0.5",919,"1.0,0.05,1.0,0.05",100
5,0.2,150,0.3766666666666667,0.25,wide_window,"0.0,0.0",rectified_fmpe,3,220,80,0.04,bo,10,0.06,8,0.950521869454441,-0.4624608052370715,32,0.1,0.9465378859474186,1.0083592646667392,0.8721991137326475,0.8607525065201567,1.0448406588701311,0.27324195162496073,0.2910882464475975,0.2517821965502485,0.24847784567252879,0.3016195178294681,0.20985541963877247,0,rmse_coverage_predictive,0.2910882464475975,0.015106931793014911,0.014908670740351727,0.3016195178294681,14,20,717,150,validation_set,"0.5,0.5",919,"1.0,0.05,1.0,0.05",100
5,0.2,155,0.3975,0.25,wide_window,"0.0,0.0",rectified_fmpe,3,220,80,0.04,bo,10,0.06,8,0.9811903571033056,-0.4740214038004553,32,0.1,0.9579189024307935,1.0330366165633487,0.9139134855160919,0.9180448236525409,0.9666806839911924,0.2765273680901248,0.29821198432779483,0.26382409843937243,0.26501671303196855,0.2790566765613633,0.20451554316076276,0,rmse_coverage_predictive,0.29821198432779483,0.015829445906362344,0.01590100278191811,0.2790566765613633,15,20,717,155,validation_set,"0.5,0.5",919,"1.0,0.05,1.0,0.05",100
5,0.2,160,0.2808333333333334,0.25,wide_window,"0.0,0.0",rectified_fmpe,3,220,80,0.04,bo,10,0.06,8,0.972144183961835,-0.4330977337362405,32,0.1,0.9203251342711853,0.864507275068322,0.8345189438456942,0.945993952094678,1.0362803660760473,0.2656749820067237,0.24956175398854283,0.24090486843657688,0.2730849314468101,0.299148374154965,0.195094987596368,0,rmse_coverage_predictive,0.24956175398854283,0.014454292106194613,0.016385095886808608,0.299148374154965,16,20,717,160,validation_set,"0.5,0.5",919,"1.0,0.05,1.0,0.05",100
5,0.2,165,0.32833333333333337,0.25,wide_window,"0.0,0.0",rectified_fmpe,3,220,80,0.04,bo,10,0.06,8,1.0090717758073486,-0.45401307923318696,32,0.1,0.9388497166530416,0.9565326602059635,0.870923958180407,0.8949380511276345,1.0330041970981616,0.27102256831911875,0.27612719442929096,0.2514140908495762,0.25834636236328945,0.29820262563431843,0.20349377154809895,0,rmse_coverage_predictive,0.27612719442929096,0.015084845450974571,0.015500781741797365,0.29820262563431843,17,20,717,165,validation_set,"0.5,0.5",919,"1.0,0.05,1.0,0.05",100
5,0.2,170,0.36083333333333334,0.25,wide_window,"0.0,0.0",rectified_fmpe,3,220,80,0.04,bo,10,0.06,8,0.9909347549185497,-0.46956121636674397,32,0.1,0.9708470663222529,0.9652135826034499,0.9792376940772554,0.9330402212833762,1.0058967673249304,0.28025940754155565,0.2786331608707925,0.2826815731380659,0.2693455114613526,0.2903773846960115,0.20155911355887302,0,rmse_coverage_predictive,0.2786331608707925,0.016960894388283954,0.016160730687681157,0.2903773846960115,18,20,717,170,validation_set,"0.5,0.5",919,"1.0,0.05,1.0,0.05",100
5,0.2,175,0.395,0.25,wide_window,"0.0,0.0",rectified_fmpe,3,220,80,0.04,bo,10,0.06,8,0.9636426735391627,-0.475831012070509,32,0.1,0.9724313287689614,0.9082717406327538,0.9348785037881431,0.9371317823479526,1.109443288306996,0.2807167447165927,0.26219546697582524,0.2698761779108395,0.2705266434023721,0.3202686905773339,0.2072704520699288,0,rmse_coverage_predictive,0.26219546697582524,0.01619257067465037,0.016231598604142326,0.3202686905773339,19,20,717,175,validation_set,"0.5,0.5",919,"1.0,0.05,1.0,0.05",100
5,0.2,180,0.38999999999999996,0.25,wide_window,"0.0,0.0",rectified_fmpe,3,220,80,0.04,bo,10,0.06,8,0.9834694840178991,-0.47551867722857966,32,0.1,0.9688112875372505,1.0125793541271664,0.9944846854115861,0.8521681213305036,1.016012989279746,0.27967172882678976,0.2923064813405885,0.28708300041366974,0.24599974712249195,0.2932976864304089,0.20735306182216437,0,rmse_coverage_predictive,0.2923064813405885,0.017224980024820185,0.014759984827349517,0.2932976864304089,20,20,717,180,validation_set,"0.5,0.5",919,"1.0,0.05,1.0,0.05",100
5,0.2,80,0.24083333333333334,0.25,wide_window,"0.0,0.0",rectified_fmpe,3,220,80,0.04,bo_marginal_random,10,0.06,8,1.0115213006399784,-0.43209993826002435,32,0.1,0.937869052153403,0.8712125995263799,0.8354322013008453,0.913496845982798,1.1313345618035886,0.27073947486269323,0.25149741442897455,0.24116850315536234,0.2637038249660213,0.32658815690041465,0.2063798080767875,0,rmse_coverage_predictive,0.25149741442897455,0.01447011018932174,0.015822229497961277,0.32658815690041465,0,20,717,80,validation_set,"0.5,0.5",919,"1.0,0.05,1.0,0.05",100
5,0.2,85,0.37083333333333335,0.25,wide_window,"0.0,0.0",rectified_fmpe,3,220,80,0.04,bo_marginal_random,10,0.06,8,0.9875666107213525,-0.4856049588123506,32,0.1,1.0189307257784415,0.9083363465330485,0.9449949608840189,1.0154566027646572,1.2069349929320412,0.294139964406882,0.2622141170927884,0.27279654752461413,0.2931370714782789,0.3484121215318466,0.2183600810069982,0,rmse_coverage_predictive,0.2622141170927884,0.016367792851476846,0.017588224288696733,0.3484121215318466,1,20,717,85,validation_set,"0.5,0.5",919,"1.0,0.05,1.0,0.05",100
5,0.2,90,0.28750000000000003,0.25,wide_window,"0.0,0.0",rectified_fmpe,3,220,80,0.04,bo_marginal_random,10,0.06,8,1.0851474638860035,-0.4667976481594722,32,0.1,0.9921460751126924,1.0501194487340981,0.9546973400897381,0.8759032949106359,1.087864216716297,0.28640790177087183,0.3031433732039465,0.275597383147715,0.2528515015503679,0.3140393491814578,0.21852929645115302,0,rmse_coverage_predictive,0.3031433732039465,0.0165358429888629,0.015171090093022074,0.3140393491814578,2,20,717,90,validation_set,"0.5,0.5",919,"1.0,0.05,1.0,0.05",100
5,0.2,95,0.21250000000000002,0.25,wide_window,"0.0,0.0",rectified_fmpe,3,220,80,0.04,bo_marginal_random,10,0.06,8,0.9821952620553495,-0.4121156392848785,32,0.1,0.9033376339994237,0.9630530275137333,0.9620374340914734,0.8569549719812206,0.8313051024112678,0.26077111307934353,0.27800946233946905,0.2777162857716045,0.24738159187837297,0.23997711232792746,0.1839675528089875,0,rmse_coverage_predictive,0.27800946233946905,0.01666297714629627,0.014842895512702377,0.23997711232792746,3,20,717,95,validation_set,"0.5,0.5",919,"1.0,0.05,1.0,0.05",100
5,0.2,100,0.21166666666666667,0.25,wide_window,"0.0,0.0",rectified_fmpe,3,220,80,0.04,bo_marginal_random,10,0.06,8,0.9869318990515578,-0.41300943997803774,32,0.1,0.9055147190738063,0.9037080043477728,0.8796075354788947,0.8791046039019813,0.9596387325665765,0.2613995834062153,0.2608780297895031,0.2539208236949816,0.25377563985432416,0.27702384028605215,0.19056725506366964,0,rmse_coverage_predictive,0.2608780297895031,0.015235249421698894,0.015226538391259448,0.27702384028605215,4,20,717,100,validation_set,"0.5,0.5",919,"1.0,0.05,1.0,0.05",100
5,0.2,105,0.36250000000000004,0.25,wide_window,"0.0,0.0",rectified_fmpe,3,220,80,0.04,bo_marginal_random,10,0.06,8,1.0172652722530122,-0.4694818832978899,32,0.1,0.9600077140747554,0.9972273569170956,0.9166878672164201,0.9499630841391369,0.9761525480263691,0.2771303560725887,0.2878747414796721,0.2646249934501321,0.2742307211739689,0.28179096818658167,0.2017429307842395,0,rmse_coverage_predictive,0.2878747414796721,0.015877499607007923,0.016453843270438133,0.28179096818658167,5,20,717,105,validation_set,"0.5,0.5",919,"1.0,0.05,1.0,0.05",100
5,0.2,110,0.3875,0.25,wide_window,"0.0,0.0",rectified_fmpe,3,220,80,0.04,bo_marginal_random,10,0.06,8,0.9131798175588021,-0.4547319080291665,32,0.1,0.923317925000374,0.9285490783900266,0.8014003140598022,0.9609764430963739,1.0023458644552934,0.26653892627328635,0.26804903018213044,0.23134434352553873,0.2774100040532903,0.2893523273321859,0.19751251059768438,0,rmse_coverage_predictive,0.26804903018213044,0.013880660611532323,0.016644600243197416,0.2893523273321859,6,20,717,110,validation_set,"0.5,0.5",919,"1.0,0.05,1.0,0.05",100
5,0.2,115,0.37833333333333335,0.25,wide_window,"0.0,0.0",rectified_fmpe,3,220,80,0.04,bo_marginal_random,10,0.06,8,0.9973599623008369,-0.4683351827323111,32,0.1,0.9492187595357156,1.0098035930045486,0.9143540611004689,0.8956167795377084,0.9771006045001366,0.27401585316889404,0.29150518812491377,0.26395128165549164,0.25854229437842086,0.28206464851675,0.20311769523854345,0,rmse_coverage_predictive,0.29150518812491377,0.0158370768993295,0.01551253766270525,0.28206464851675,7,20,717,115,validation_set,"0.5,0.5",919,"1.0,0.05,1.0,0.05",100
5,0.2,120,0.35166666666666674,0.25,wide_window,"0.0,0.0",rectified_fmpe,3,220,80,0.04,bo_marginal_random,10,0.06,8,1.0846622551579816,-0.4711980624885017,32,0.1,0.9519876753214992,0.9525983545194132,0.9169462902842913,0.9146053189561587,1.0238007375261338,0.27481517030603686,0.27499145820568893,0.2646995937640322,0.2640238135508009,0.2955458157036254,0.20215762370155074,0,rmse_coverage_predictive,0.27499145820568893,0.01588197562584193,0.015841428813048054,0.2955458157036254,8,20,717,120,validation_set,"0.5,0.5",919,"1.0,0.05,1.0,0.05",100
5,0.2,125,0.4166666666666667,0.25,wide_window,"0.0,0.0",rectified_fmpe,3,220,80,0.04,bo_marginal_random,10,0.06,8,0.9707767982403585,-0.48185581028702007,32,0.1,0.972066624962993,0.9400390014310587,0.8926811889045405,0.9657273166721748,1.0898189928441981,0.2806114637963175,0.2713658852624844,0.25769486235727584,0.27878146312222757,0.31460364444328237,0.2080467191929762,0,rmse_coverage_predictive,0.2713658852624844,0.015461691741436549,0.016726887787333652,0.31460364444328237,9,20,717,125,validation_set,"0.5,0.5",919,"1.0,0.05,1.0,0.05",100
5,0.2,130,0.305,0.25,wide_window,"0.0,0.0",rectified_fmpe,3,220,80,0.04,bo_marginal_random,10,0.06,8,0.9875027499454158,-0.4257812854872427,32,0.1,0.8687309034936441,0.9058066014997233,0.8184667734993053,0.8258781167997202,0.9247721221758276,0.25078101049270113,0.2614838426048027,0.2362710060012942,0.23841047652606984,0.2669587168386378,0.1871138324633193,0,rmse_coverage_predictive,0.2614838426048027,0.014176260360077651,0.01430462859156419,0.2669587168386378,10,20,717,130,validation_set,"0.5,0.5",919,"1.0,0.05,1.0,0.05",100
5,0.2,135,0.36166666666666664,0.25,wide_window,"0.0,0.0",rectified_fmpe,3,220,80,0.04,bo_marginal_random,10,0.06,8,1.007234820381915,-0.4645141063175041,32,0.1,0.9469951681025667,0.9983528995784888,0.9483061496687358,0.8737744554207955,0.9675471677422466,0.27337395761264593,0.288199657658942,0.2737524053927111,0.2522369585241075,0.27930680887482306,0.20097895789379416,0,rmse_coverage_predictive,0.288199657658942,0.016425144323562665,0.015134217511446448,0.27930680887482306,11,20,717,135,validation_set,"0.5,0.5",919,"1.0,0.05,1.0,0.05",100
5,0.2,140,0.3641666666666667,0.25,wide_window,"0.0,0.0",rectified_fmpe,3,220,80,0.04,bo_marginal_random,10,0.06,8,0.9977312941123405,-0.45505024708644526,32,0.1,0.9153384526153521,0.9070369370107526,0.8696349912698474,0.8912768537442401,0.9934050284365681,0.2642354510085445,0.26183900987404585,0.2510419981531822,0.25728946571585987,0.28677133029109025,0.19446249947172373,0,rmse_coverage_predictive,0.26183900987404585,0.015062519889190929,0.015437367942951592,0.28677133029109025,12,20,717,140,validation_set,"0.5,0.5",919,"1.0,0.05,1.0,0.05",100
5,0.2,145,0.32916666666666666,0.25,wide_window,"0.0,0.0",rectified_fmpe,3,220,80,0.04,bo_marginal_random,10,0.06,8,1.0018114011230852,-0.4588955869729372,32,0.1,0.9575565993307724,0.995910702439629,0.8524824247210865,1.003260311022749,0.9785729591396255,0.27642278019396205,0.2874946560711746,0.2460904786960721,0.2896163053181259,0.28248968069047575,0.20184992830499682,0,rmse_coverage_predictive,0.2874946560711746,0.014765428721764324,0.017376978319087553,0.28248968069047575,13,20,717,145,validation_set,"0.5,0.5",919,"1.0,0.05,1.0,0.05",100
5,0.2,150,0.3858333333333333,0.25,wide_window,"0.0,0.0",rectified_fmpe,3,220,80,0.04,bo_marginal_random,10,0.06,8,1.0200092567528731,-0.483152702010591,32,0.1,0.9862070157222538,1.0698458624397187,0.8709264867647972,0.9928734600365746,1.0111822536479247,0.2846934430019704,0.3088378983354895,0.25141482078901534,0.28661787971167574,0.29190317317170095,0.21278604462692582,0,rmse_coverage_predictive,0.3088378983354895,0.015084889247340921,0.017197072782700544,0.29190317317170095,14,20,717,150,validation_set,"0.5,0.5",919,"1.0,0.05,1.0,0.05",100
5,0.2,155,0.3483333333333334,0.25,wide_window,"0.0,0.0",rectified_fmpe,3,220,80,0.04,bo_marginal_random,10,0.06,8,0.9441979872869845,-0.44026096571509427,32,0.1,0.8963634294871202,0.9666813270078224,0.8680872550208978,0.8779125403358893,0.8727725955838713,0.2587578336530625,0.2790568621842755,0.25059520518319933,0.25343152074393693,0.2519477465008383,0.18828680986212695,0,rmse_coverage_predictive,0.2790568621842755,0.01503571231099196,0.015205891244636217,0.2519477465008383,15,20,717,155,validation_set,"0.5,0.5",919,"1.0,0.05,1.0,0.05",100
5,0.2,160,0.22666666666666666,0.25,wide_window,"0.0,0.0",rectified_fmpe,3,220,80,0.04,bo_marginal_random,10,0.06,8,1.0590021556229536,-0.4194928093638415,32,0.1,0.8900175191587009,0.9250747372609552,0.8460198015184954,0.8703051373409854,0.9186704005143673,0.25692592713487944,0.26704607428906746,0.24422488007322857,0.25123545266046604,0.2651973015167557,0.18847093190062772,0,rmse_coverage_predictive,0.26704607428906746,0.014653492804393714,0.015074127159627963,0.2651973015167557,16,20,717,160,validation_set,"0.5,0.5",919,"1.0,0.05,1.0,0.05",100
5,0.2,165,0.2541666666666667,0.25,wide_window,"0.0,0.0",rectified_fmpe,3,220,80,0.04,bo_marginal_random,10,0.06,8,0.9833394965877897,-0.4095456888910952,32,0.1,0.8579542983959513,0.9171282061336211,0.8077512927740462,0.8097727263268588,0.897164968349279,0.24767007256564952,0.2647521083463224,0.23317771316068192,0.23376125076361454,0.25898921799197916,0.18544645596216175,0,rmse_coverage_predictive,0.2647521083463224,0.013990662789640914,0.014025675045816872,0.25898921799197916,17,20,717,165,validation_set,"0.5,0.5",919,"1.0,0.05,1.0,0.05",100
5,0.2,170,0.31416666666666665,0.25,wide_window,"0.0,0.0",rectified_fmpe,3,220,80,0.04,bo_marginal_random,10,0.06,8,0.9751801627336145,-0.437826613103782,32,0.1,0.9067872455699114,0.9235621450642381,0.8338435332975865,0.8930705177043509,0.9766727862134705,0.26176693016375385,0.26660942653309305,0.24070989420569516,0.2578072519009627,0.28194114801526454,0.19430598180238465,0,rmse_coverage_predictive,0.26660942653309305,0.014442593652341709,0.015468435114057762,0.28194114801526454,18,20,717,170,validation_set,"0.5,0.5",919,"1.0,0.05,1.0,0.05",100
5,0.2,175,0.41416666666666674,0.25,wide_window,"0.0,0.0",rectified_fmpe,3,220,80,0.04,bo_marginal_random,10,0.06,8,1.0070398686295547,-0.47877616448738436,32,0.1,0.9510015864133768,0.9358016156464485,0.8047928815103083,0.9596279378692433,1.103783910627507,0.27453051095776215,0.2701426573507819,0.23232369339093556,0.27702072412534656,0.3186349689639845,0.20915058688394944,0,rmse_coverage_predictive,0.2701426573507819,0.013939421603456133,0.016621243447520792,0.3186349689639845,19,20,717,175,validation_set,"0.5,0.5",919,"1.0,0.05,1.0,0.05",100
5,0.2,180,0.31416666666666665,0.25,wide_window,"0.0,0.0",rectified_fmpe,3,220,80,0.04,bo_marginal_random,10,0.06,8,1.0142299851324992,-0.42936622816214864,32,0.1,0.8639523571446303,0.9180820042784414,0.8070512033870098,0.7959236390661957,0.9347525818468744,0.24940156298223204,0.2650274461541547,0.23297561476265075,0.22976336363462732,0.26983982737749534,0.18936639583050616,0,rmse_coverage_predictive,0.2650274461541547,0.013978536885759044,0.013785801818077639,0.26983982737749534,20,20,717,180,validation_set,"0.5,0.5",919,"1.0,0.05,1.0,0.05",100
5,0.2,80,0.09500000000000003,0.25,wide_window,"0.0,0.0",rectified_fmpe,3,220,80,0.04,random,10,0.06,8,0.9421073069864152,-0.3614762602464485,32,0.1,0.8435625392176835,0.8560712230169862,0.8710601054943103,0.7257281508041074,0.9213906775553303,0.24351552954780695,0.24712647552717462,0.25145339319374194,0.20949967161262037,0.26598257785769086,0.18179924006110548,1,rmse_coverage_predictive,0.24712647552717462,0.015087203591624517,0.012569980296757221,0.26598257785769086,0,20,10717,80,validation_set,"0.5,0.5",919,"1.0,0.05,1.0,0.05",100
5,0.2,85,0.3383333333333334,0.25,wide_window,"0.0,0.0",rectified_fmpe,3,220,80,0.04,random,10,0.06,8,0.9038320666642984,-0.4333770429403504,32,0.1,0.8951602406050476,0.8612965851138512,0.986506011010573,0.7760654757080206,0.956772890587746,0.2584105029405872,0.24863490763379373,0.28477975550706913,0.22403080565440037,0.2761965429670858,0.18612931604179,1,rmse_coverage_predictive,0.24863490763379373,0.017086785330424147,0.01344184833926402,0.2761965429670858,1,20,10717,85,validation_set,"0.5,0.5",919,"1.0,0.05,1.0,0.05",100
5,0.2,90,0.22833333333333336,0.25,wide_window,"0.0,0.0",rectified_fmpe,3,220,80,0.04,random,10,0.06,8,0.8786650310543005,-0.39786792099101687,32,0.1,0.8761339451950085,0.9231306970289247,0.9815311988215076,0.6300036019774949,0.9698702829521068,0.2529180845522535,0.2664848782134283,0.28334365092880676,0.18186637459607027,0.2799774344707087,0.193526255672877,1,rmse_coverage_predictive,0.2664848782134283,0.017000619055728406,0.010911982475764217,0.2799774344707087,2,20,10717,90,validation_set,"0.5,0.5",919,"1.0,0.05,1.0,0.05",100
5,0.2,95,0.2783333333333333,0.25,wide_window,"0.0,0.0",rectified_fmpe,3,220,80,0.04,random,10,0.06,8,0.9231261719856799,-0.4175620080756993,32,0.1,0.8856532028733727,0.9306901478820304,0.9325802222838296,0.7084808101332328,0.970861631194398,0.255666057543798,0.26866710370591146,0.2692127211882451,0.20452079322305305,0.28026361205798245,0.1943844130430131,1,rmse_coverage_predictive,0.26866710370591146,0.016152763271294703,0.012271247593383184,0.28026361205798245,3,20,10717,95,validation_set,"0.5,0.5",919,"1.0,0.05,1.0,0.05",100
5,0.2,100,0.34500000000000003,0.25,wide_window,"0.0,0.0",rectified_fmpe,3,220,80,0.04,random,10,0.06,8,0.8849648921295679,-0.4342887365666627,32,0.1,0.8990807182544553,0.9068867954839614,0.9384405998670527,0.7243837658399453,1.0266117118268618,0.25954224735370596,0.26179566774859114,0.2709044664758584,0.20911158110214365,0.29635727408823065,0.19798120260320473,1,rmse_coverage_predictive,0.26179566774859114,0.016254267988551504,0.012546694866128619,0.29635727408823065,4,20,10717,100,validation_set,"0.5,0.5",919,"1.0,0.05,1.0,0.05",100
5,0.2,105,0.30583333333333335,0.25,wide_window,"0.0,0.0",rectified_fmpe,3,220,80,0.04,random,10,0.06,8,0.8942938729998237,-0.4107464966762112,32,0.1,0.8482156815708479,0.7620311603526089,0.9909370979599551,0.6965841208535516,0.9433103471172762,0.24485877604289552,0.21997944778023082,0.2860589001285833,0.2010865148440084,0.2723102414187594,0.1753453597604595,1,rmse_coverage_predictive,0.21997944778023082,0.017163534007715,0.012065190890640504,0.2723102414187594,5,20,10717,105,validation_set,"0.5,0.5",919,"1.0,0.05,1.0,0.05",100
5,0.2,110,0.29000000000000004,0.25,wide_window,"0.0,0.0",rectified_fmpe,3,220,80,0.04,random,10,0.06,8,0.8730630895588553,-0.42475314856327595,32,0.1,0.9178027750096045,0.8522723402779607,1.0121234319103698,0.7823305782479701,1.0244847496021174,0.2649468396073904,0.24602983254117652,0.29217486793328995,0.22583938497337055,0.2957432729817245,0.19266920648270916,1,rmse_coverage_predictive,0.24602983254117652,0.017530492075997398,0.013550363098402234,0.2957432729817245,6,20,10717,110,validation_set,"0.5,0.5",919,"1.0,0.05,1.0,0.05",100
5,0.2,115,0.31166666666666665,0.25,wide_window,"0.0,0.0",rectified_fmpe,3,220,80,0.04,random,10,0.06,8,0.8973884856078174,-0.4185952901082567,32,0.1,0.8692808794669125,0.8721408393727703,0.9431751504016069,0.7234650651569764,0.9383424629362965,0.2509397748808083,0.2517653741915676,0.2722712134886668,0.20884637505883524,0.27087613678416367,0.1851915086068907,1,rmse_coverage_predictive,0.2517653741915676,0.016336272809320006,0.012530782503530114,0.27087613678416367,7,20,10717,115,validation_set,"0.5,0.5",919,"1.0,0.05,1.0,0.05",100
5,0.2,120,0.3125,0.25,wide_window,"0.0,0.0",rectified_fmpe,3,220,80,0.04,random,10,0.06,8,0.8778918311314046,-0.4097283234770187,32,0.1,0.8445969574279337,0.8144973412305445,0.9595068810781744,0.6689093351835079,0.935474272219508,0.24381414036387822,0.2351251296068447,0.2769857780398911,0.19309749236582596,0.27004816144295113,0.17931833705550954,1,rmse_coverage_predictive,0.2351251296068447,0.016619146682393466,0.011585849541949557,0.27004816144295113,8,20,10717,120,validation_set,"0.5,0.5",919,"1.0,0.05,1.0,0.05",100
5,0.2,125,0.33666666666666667,0.25,wide_window,"0.0,0.0",rectified_fmpe,3,220,80,0.04,random,10,0.06,8,0.8806558316983158,-0.4429130490663305,32,0.1,0.9376657937988402,0.9170564331679574,1.0990985644569462,0.7372449909308713,0.9972631866395858,0.27068079922983224,0.26473138927579914,0.31728242602757456,0.21282429698632088,0.28788508462963447,0.19588644336031763,1,rmse_coverage_predictive,0.26473138927579914,0.019036945561654472,0.012769457819179252,0.28788508462963447,9,20,10717,125,validation_set,"0.5,0.5",919,"1.0,0.05,1.0,0.05",100
5,0.2,130,0.3175,0.25,wide_window,"0.0,0.0",rectified_fmpe,3,220,80,0.04,random,10,0.06,8,0.9071405898944115,-0.4290822054398288,32,0.1,0.8971785769283969,0.9151373455731943,1.0092928869958342,0.7406183551001249,0.923665720044434,0.2589931464503876,0.2641773964060817,0.29135775999910973,0.21379810334191746,0.2666393260544418,0.18798695651198677,1,rmse_coverage_predictive,0.2641773964060817,0.017481465599946584,0.012827886200515047,0.2666393260544418,10,20,10717,130,validation_set,"0.5,0.5",919,"1.0,0.05,1.0,0.05",100
5,0.2,135,0.3325,0.25,wide_window,"0.0,0.0",rectified_fmpe,3,220,80,0.04,random,10,0.06,8,0.8437898966044505,-0.42269909396995853,32,0.1,0.8840217730138332,0.8062669067650607,0.9534247969481178,0.7809845581803434,0.9954108301618112,0.2551951043095135,0.2327492078297474,0.27523003158503007,0.22545082244918113,0.2873503553740953,0.18520131424753664,1,rmse_coverage_predictive,0.2327492078297474,0.016513801895101803,0.013527049346950867,0.2873503553740953,11,20,10717,135,validation_set,"0.5,0.5",919,"1.0,0.05,1.0,0.05",100
5,0.2,140,0.32750000000000007,0.25,wide_window,"0.0,0.0",rectified_fmpe,3,220,80,0.04,random,10,0.06,8,0.8307755260043784,-0.40975437517251706,32,0.1,0.8480183889606052,0.8066248504302946,0.8963004850224857,0.6935461009634264,0.9956021194262143,0.24480182257207916,0.23285253726548616,0.2587396631512621,0.20020951404332482,0.28740557582824344,0.18520770593729538,1,rmse_coverage_predictive,0.23285253726548616,0.015524379789075728,0.012012570842599489,0.28740557582824344,12,20,10717,140,validation_set,"0.5,0.5",919,"1.0,0.05,1.0,0.05",100
5,0.2,145,0.32,0.25,wide_window,"0.0,0.0",rectified_fmpe,3,220,80,0.04,random,10,0.06,8,0.8769213599543872,-0.4094496345629088,32,0.1,0.8374725412592363,0.8072914732733115,0.9638152447037452,0.7223000007517029,0.8564834463081857,0.24175749856747006,0.233044974704418,0.2782294954893862,0.20851004993483127,0.24724547414124473,0.17020243965159146,1,rmse_coverage_predictive,0.233044974704418,0.01669376972936317,0.012510602996089876,0.24724547414124473,13,20,10717,145,validation_set,"0.5,0.5",919,"1.0,0.05,1.0,0.05",100
5,0.2,150,0.36333333333333334,0.25,wide_window,"0.0,0.0",rectified_fmpe,3,220,80,0.04,random,10,0.06,8,0.8858824862531627,-0.4257313031576209,32,0.1,0.8532419030294864,0.8504051486482649,0.9310462255464567,0.6895153384854528,0.9420008994377717,0.24630972119897132,0.24549082074615977,0.26876989447361593,0.19904593314247604,0.27193223643363357,0.18344997126277646,1,rmse_coverage_predictive,0.24549082074615977,0.016126193668416954,0.011942755988548562,0.27193223643363357,14,20,10717,150,validation_set,"0.5,0.5",919,"1.0,0.05,1.0,0.05",100
5,0.2,155,0.2733333333333334,0.25,wide_window,"0.0,0.0",rectified_fmpe,3,220,80,0.04,random,10,0.06,8,2.367571727553755,-0.5465130281671025,32,0.1,0.8363121486623933,0.8802160620134272,0.9433847811637206,0.6428431499014674,0.8788046015709584,0.2414225220783936,0.2540964901742423,0.2723317286771352,0.18557283282115958,0.25368903664103737,0.17980136281389691,1,rmse_coverage_predictive,0.2540964901742423,0.01633990372062811,0.011134369969269574,0.25368903664103737,15,20,10717,155,validation_set,"0.5,0.5",919,"1.0,0.05,1.0,0.05",100
5,0.2,160,0.3083333333333334,0.25,wide_window,"0.0,0.0",rectified_fmpe,3,220,80,0.04,random,10,0.06,8,0.8381763342686768,-0.4053500337517716,32,0.1,0.8467964077844166,0.8204761859154452,0.9051007919418125,0.7238452240105624,0.9377634292698463,0.24444906699157054,0.2368510734009799,0.26128009293567445,0.20895611746706158,0.2707089841625662,0.18012824104169084,1,rmse_coverage_predictive,0.2368510734009799,0.015676805576140467,0.012537367048023695,0.2707089841625662,16,20,10717,160,validation_set,"0.5,0.5",919,"1.0,0.05,1.0,0.05",100
5,0.2,165,0.2366666666666667,0.25,wide_window,"0.0,0.0",rectified_fmpe,3,220,80,0.04,random,10,0.06,8,0.8599345256866615,-0.374221570955601,32,0.1,0.7934921448699798,0.8237647086333475,0.8511096533693331,0.6477579252072448,0.8513362922699935,0.2290614517202682,0.23780038813918844,0.2456941937413368,0.18699160624405814,0.24575961875648938,0.17123814426260425,1,rmse_coverage_predictive,0.23780038813918844,0.014741651624480207,0.011219496374643489,0.24575961875648938,17,20,10717,165,validation_set,"0.5,0.5",919,"1.0,0.05,1.0,0.05",100
5,0.2,170,0.2366666666666667,0.25,wide_window,"0.0,0.0",rectified_fmpe,3,220,80,0.04,random,10,0.06,8,0.8933830826161203,-0.3801062077644026,32,0.1,0.802290204735512,0.7514474817292298,0.8702233855586309,0.7094291950578338,0.8780607565963535,0.23160123283612394,0.21692420292911863,0.25121185295369153,0.20479456836880994,0.2534743070928756,0.16709541266123892,1,rmse_coverage_predictive,0.21692420292911863,0.01507271117722149,0.012287674102128596,0.2534743070928756,18,20,10717,170,validation_set,"0.5,0.5",919,"1.0,0.05,1.0,0.05",100
5,0.2,175,0.2933333333333334,0.25,wide_window,"0.0,0.0",rectified_fmpe,3,220,80,0.04,random,10,0.06,8,0.8970615458242234,-0.40730451689700464,32,0.1,0.8461588814156148,0.7954478290309597,0.8706345037529349,0.7634501560588992,0.9551030368196654,0.24426502898124894,0.22962600910866401,0.25133053255376664,0.22038907655673365,0.27571449770583145,0.17968642580779765,1,rmse_coverage_predictive,0.22962600910866401,0.015079831953225997,0.013223344593404018,0.27571449770583145,19,20,10717,175,validation_set,"0.5,0.5",919,"1.0,0.05,1.0,0.05",100
5,0.2,180,0.3741666666666667,0.25,wide_window,"0.0,0.0",rectified_fmpe,3,220,80,0.04,random,10,0.06,8,0.8894639699726921,-0.4262559532119563,32,0.1,0.8444367399020194,0.8650196005753347,0.9374569343333354,0.7157931881568487,0.8594772365425586,0.24376788954802045,0.24970964962323605,0.2706205066955163,0.20663169493322853,0.24810970694010095,0.17630278742155814,1,rmse_coverage_predictive,0.24970964962323605,0.016237230401730977,0.012397901695993712,0.24810970694010095,20,20,10717,180,validation_set,"0.5,0.5",919,"1.0,0.05,1.0,0.05",100
5,0.2,80,0.09500000000000003,0.25,wide_window,"0.0,0.0",rectified_fmpe,3,220,80,0.04,fixed_dumb,10,0.06,8,0.9421073069864152,-0.3614762602464485,32,0.1,0.8435625392176835,0.8560712230169862,0.8710601054943103,0.7257281508041074,0.9213906775553303,0.24351552954780695,0.24712647552717462,0.25145339319374194,0.20949967161262037,0.26598257785769086,0.18179924006110548,1,rmse_coverage_predictive,0.24712647552717462,0.015087203591624517,0.012569980296757221,0.26598257785769086,0,20,10717,80,validation_set,"0.5,0.5",919,"1.0,0.05,1.0,0.05",100
5,0.2,85,0.39083333333333337,0.25,wide_window,"0.0,0.0",rectified_fmpe,3,220,80,0.04,fixed_dumb,10,0.06,8,0.9128085341119315,-0.4580686019318768,32,0.1,0.9321184367508227,0.8827306134190551,0.9799257561288184,0.8506187555760687,1.0151986218793487,0.26907941518735035,0.2548223786397075,0.2828801995434104,0.24555248375479388,0.2930625988114896,0.194502746448605,1,rmse_coverage_predictive,0.2548223786397075,0.016972811972604626,0.014733149025287632,0.2930625988114896,1,20,10717,85,validation_set,"0.5,0.5",919,"1.0,0.05,1.0,0.05",100
5,0.2,90,0.25333333333333335,0.25,wide_window,"0.0,0.0",rectified_fmpe,3,220,80,0.04,fixed_dumb,10,0.06,8,0.8918336919801727,-0.4164233987995036,32,0.1,0.9141996127881773,1.0816447868731696,1.0036486827336382,0.6971006823560612,0.8744042991898403,0.26390669626815294,0.31224395443438996,0.28972841857403964,0.20123563330527186,0.2524187787589102,0.20103451504833275,1,rmse_coverage_predictive,0.31224395443438996,0.01738370511444238,0.012074137998316312,0.2524187787589102,2,20,10717,90,validation_set,"0.5,0.5",919,"1.0,0.05,1.0,0.05",100
5,0.2,95,0.2983333333333334,0.25,wide_window,"0.0,0.0",rectified_fmpe,3,220,80,0.04,fixed_dumb,10,0.06,8,0.9947483047176695,-0.4440376014440047,32,0.1,0.9352362059789113,0.9843463309014749,0.9708708275209003,0.7756856850904782,1.010041980402792,0.2699794376389044,0.28415630956089355,0.28026626680877326,0.22392116954676344,0.29157400463918737,0.20385257661992823,1,rmse_coverage_predictive,0.28415630956089355,0.016815976008526395,0.013435270172805805,0.29157400463918737,3,20,10717,95,validation_set,"0.5,0.5",919,"1.0,0.05,1.0,0.05",100
5,0.2,100,0.30916666666666665,0.25,wide_window,"0.0,0.0",rectified_fmpe,3,220,80,0.04,fixed_dumb,10,0.06,8,0.9374027931113733,-0.4348777562764297,32,0.1,0.9139886976027989,1.037429726302757,0.9529465603304524,0.7131672002706291,0.9524113035073569,0.26384581029862575,0.29948016587310833,0.27509197656505735,0.20587363752672974,0.2749374612296075,0.20353377589449537,1,rmse_coverage_predictive,0.29948016587310833,0.01650551859390344,0.012352418251603783,0.2749374612296075,4,20,10717,100,validation_set,"0.5,0.5",919,"1.0,0.05,1.0,0.05",100
5,0.2,105,0.33916666666666667,0.25,wide_window,"0.0,0.0",rectified_fmpe,3,220,80,0.04,fixed_dumb,10,0.06,8,0.8642913196752061,-0.42634520782119906,32,0.1,0.8837768779257931,0.8335514973346144,1.004276010578492,0.7426455402549353,0.95463446353513,0.2551244091870118,0.24062559068477765,0.2899095125240879,0.21438330128933097,0.2755792322498507,0.18324342822525758,1,rmse_coverage_predictive,0.24062559068477765,0.017394570751445276,0.012862998077359859,0.2755792322498507,5,20,10717,105,validation_set,"0.5,0.5",919,"1.0,0.05,1.0,0.05",100
5,0.2,110,0.2625,0.25,wide_window,"0.0,0.0",rectified_fmpe,3,220,80,0.04,fixed_dumb,10,0.06,8,0.9144287500800536,-0.4168558039704838,32,0.1,0.8999317843122138,0.8401032326181578,1.0112878466928201,0.761289154742835,0.9870469031950423,0.25978792896247843,0.24251691374958412,0.29193365525814835,0.21976524921095925,0.2849358976312221,0.18740570862391892,1,rmse_coverage_predictive,0.24251691374958412,0.0175160193154889,0.013185914952657554,0.2849358976312221,6,20,10717,110,validation_set,"0.5,0.5",919,"1.0,0.05,1.0,0.05",100
5,0.2,115,0.3675,0.25,wide_window,"0.0,0.0",rectified_fmpe,3,220,80,0.04,fixed_dumb,10,0.06,8,0.9562790616980544,-0.46093674156286274,32,0.1,0.9472025908184006,0.9118075128829861,0.9863701135337418,0.901456222577708,0.989176514279167,0.2734338353930573,0.2632161565060576,0.2847405252846538,0.26022799638395144,0.2855506633975664,0.1945235147798594,1,rmse_coverage_predictive,0.2632161565060576,0.017084431517079227,0.015613679783037087,0.2855506633975664,7,20,10717,115,validation_set,"0.5,0.5",919,"1.0,0.05,1.0,0.05",100
5,0.2,120,0.2891666666666667,0.25,wide_window,"0.0,0.0",rectified_fmpe,3,220,80,0.04,fixed_dumb,10,0.06,8,0.9574859119716087,-0.45406666921397915,32,0.1,0.9908245535301157,0.9673907595420291,0.9895870183792206,0.8655886503385108,1.1407317858607022,0.28602641135015155,0.2792616577165736,0.28566916572390105,0.24987392014021206,0.32930090181991956,0.21618551944081665,1,rmse_coverage_predictive,0.2792616577165736,0.017140149943434064,0.014992435208412723,0.32930090181991956,8,20,10717,120,validation_set,"0.5,0.5",919,"1.0,0.05,1.0,0.05",100
5,0.2,125,0.34333333333333343,0.25,wide_window,"0.0,0.0",rectified_fmpe,3,220,80,0.04,fixed_dumb,10,0.06,8,1.0187132640772893,-0.49307257338790944,32,0.1,1.0578254828752893,1.072931312365145,1.226159745991755,0.9011084155268433,1.0311024576174144,0.3053679136468471,0.3097285910079975,0.35396182970891144,0.26012759313673006,0.29765364073374945,0.21518836467129357,1,rmse_coverage_predictive,0.3097285910079975,0.021237709782534687,0.015607655588203803,0.29765364073374945,9,20,10717,125,validation_set,"0.5,0.5",919,"1.0,0.05,1.0,0.05",100
5,0.2,130,0.38916666666666666,0.25,wide_window,"0.0,0.0",rectified_fmpe,3,220,80,0.04,fixed_dumb,10,0.06,8,0.9487906851966045,-0.48011818941918677,32,0.1,0.9974792412828539,0.9533363515870158,0.9910633719691717,0.9968433893165267,1.0486738522587011,0.28794745423285967,0.2752044996085097,0.2860953522951898,0.2877638995808978,0.3027260654468415,0.20492276490834324,1,rmse_coverage_predictive,0.2752044996085097,0.017165721137711386,0.01726583397485387,0.3027260654468415,10,20,10717,130,validation_set,"0.5,0.5",919,"1.0,0.05,1.0,0.05",100
5,0.2,135,0.36416666666666675,0.25,wide_window,"0.0,0.0",rectified_fmpe,3,220,80,0.04,fixed_dumb,10,0.06,8,0.9091117005253805,-0.47303425601200627,32,0.1,1.0083356147087836,1.0226492546290262,0.9972296870635364,0.916508060368658,1.0969554567739137,0.2910814192928015,0.29521341122331923,0.2878754141350095,0.2645730876841532,0.31666376412872405,0.21678170696597374,1,rmse_coverage_predictive,0.29521341122331923,0.01727252484810057,0.015874385261049194,0.31666376412872405,11,20,10717,135,validation_set,"0.5,0.5",919,"1.0,0.05,1.0,0.05",100
5,0.2,140,0.3825,0.25,wide_window,"0.0,0.0",rectified_fmpe,3,220,80,0.04,fixed_dumb,10,0.06,8,0.8061809586032234,-0.48424328919227255,32,0.1,1.0669439671839491,0.9472021597409738,1.079482651730808,1.030850370293284,1.2102406869707307,0.30800019333195017,0.2734337109517231,0.31161979978115656,0.2975808693915265,0.3493663932033945,0.2221999390015532,1,rmse_coverage_predictive,0.2734337109517231,0.018697187986869392,0.01785485216349159,0.3493663932033945,12,20,10717,140,validation_set,"0.5,0.5",919,"1.0,0.05,1.0,0.05",100
5,0.2,145,0.34833333333333333,0.25,wide_window,"0.0,0.0",rectified_fmpe,3,220,80,0.04,fixed_dumb,10,0.06,8,0.9026065651063842,-0.46084591266633607,32,0.1,0.9820794687436111,0.9479779159728354,1.050001661852896,0.8736901549974757,1.0566481421512373,0.2835019228223643,0.27365765248636853,0.30310937106016195,0.25221262308805925,0.30502804465486744,0.20523789256821692,1,rmse_coverage_predictive,0.27365765248636853,0.018186562263609717,0.015132757385283553,0.30502804465486744,13,20,10717,145,validation_set,"0.5,0.5",919,"1.0,0.05,1.0,0.05",100
5,0.2,150,0.415,0.25,wide_window,"0.0,0.0",rectified_fmpe,3,220,80,0.04,fixed_dumb,10,0.06,8,0.9673588394586725,-0.4843737933475251,32,0.1,0.9834165654763636,1.1273217988558901,0.9667512034435983,0.8318458706320352,1.0077473889739303,0.28388790940165787,0.32542977201639073,0.27907703377377807,0.24013321866684206,0.2909116131496206,0.21853036162768588,1,rmse_coverage_predictive,0.32542977201639073,0.016744622026426684,0.014407993120010523,0.2909116131496206,14,20,10717,150,validation_set,"0.5,0.5",919,"1.0,0.05,1.0,0.05",100
5,0.2,155,0.39916666666666667,0.25,wide_window,"0.0,0.0",rectified_fmpe,3,220,80,0.04,fixed_dumb,10,0.06,8,0.9500776609960838,-0.4967547700317899,32,0.1,1.0460039715209355,1.1188305892683992,1.0449579728157081,0.9237651431832329,1.0964621808164015,0.3019553372655149,0.322978570945849,0.3016533834484974,0.2666680270424163,0.3165213676252968,0.2264312904696613,1,rmse_coverage_predictive,0.322978570945849,0.018099203006909842,0.01600008162254498,0.3165213676252968,15,20,10717,155,validation_set,"0.5,0.5",919,"1.0,0.05,1.0,0.05",100
5,0.2,160,0.21083333333333334,0.25,wide_window,"0.0,0.0",rectified_fmpe,3,220,80,0.04,fixed_dumb,10,0.06,8,0.8995237453622582,-0.3863633076918895,32,0.1,0.8442105696578042,0.7987179125166305,0.92020026475693,0.7691103965883895,0.8888137047692667,0.24370259982233028,0.23057000089902632,0.26563893528288923,0.22202304725342328,0.2565784158539824,0.1727906960715303,1,rmse_coverage_predictive,0.23057000089902632,0.015938336116973352,0.013321382835205396,0.2565784158539824,16,20,10717,160,validation_set,"0.5,0.5",919,"1.0,0.05,1.0,0.05",100
5,0.2,165,0.37000000000000005,0.25,wide_window,"0.0,0.0",rectified_fmpe,3,220,80,0.04,fixed_dumb,10,0.06,8,1.0233397666713602,-0.4965243852895319,32,0.1,1.0450862317804108,1.1133136865190252,1.0264936574517287,0.9043960894910749,1.136141493659814,0.3016904086223959,0.32138597830212695,0.29632319472559954,0.26107666286085845,0.32797579860099857,0.2299013690541123,1,rmse_coverage_predictive,0.32138597830212695,0.017779391683535973,0.015664599771651508,0.32797579860099857,17,20,10717,165,validation_set,"0.5,0.5",919,"1.0,0.05,1.0,0.05",100
5,0.2,170,0.3575,0.25,wide_window,"0.0,0.0",rectified_fmpe,3,220,80,0.04,fixed_dumb,10,0.06,8,0.9775085821926722,-0.47883103067532473,32,0.1,1.0104963590490659,0.874844718917075,1.0376291779519942,0.9598695086445593,1.1696420306826352,0.29170517245605754,0.2525459169829479,0.29953774260479693,0.2770904596014251,0.33764657063506004,0.21117768228540598,1,rmse_coverage_predictive,0.2525459169829479,0.017972264556287816,0.016625427576085504,0.33764657063506004,18,20,10717,170,validation_set,"0.5,0.5",919,"1.0,0.05,1.0,0.05",100
5,0.2,175,0.41,0.25,wide_window,"0.0,0.0",rectified_fmpe,3,220,80,0.04,fixed_dumb,10,0.06,8,0.9330695802183774,-0.4943478289263511,32,0.1,1.0341759130849566,0.9432705000849549,1.0167691373446561,0.995843589171169,1.1808204257390464,0.29854087090451337,0.27229873857134085,0.2935159675748204,0.28747528213936874,0.34087349533252354,0.2184885580685979,1,rmse_coverage_predictive,0.27229873857134085,0.017610958054489225,0.017248516928362125,0.34087349533252354,19,20,10717,175,validation_set,"0.5,0.5",919,"1.0,0.05,1.0,0.05",100
5,0.2,180,0.36166666666666664,0.25,wide_window,"0.0,0.0",rectified_fmpe,3,220,80,0.04,fixed_dumb,10,0.06,8,0.9200877579997312,-0.48681416452281495,32,0.1,1.0544334637045134,1.0890230342819125,0.9985796565604351,0.9337044516558793,1.1964267123198267,0.3043887220561752,0.31437387099818265,0.2882651167612256,0.2695372582535369,0.34537864221175546,0.2338151122481604,1,rmse_coverage_predictive,0.31437387099818265,0.017295907005673537,0.016172235495212215,0.34537864221175546,20,20,10717,180,validation_set,"0.5,0.5",919,"1.0,0.05,1.0,0.05",100
5,0.2,80,0.09500000000000003,0.25,wide_window,"0.0,0.0",rectified_fmpe,3,220,80,0.04,bo,10,0.06,8,0.9421073069864152,-0.3614762602464485,32,0.1,0.8435625392176835,0.8560712230169862,0.8710601054943103,0.7257281508041074,0.9213906775553303,0.24351552954780695,0.24712647552717462,0.25145339319374194,0.20949967161262037,0.26598257785769086,0.18179924006110548,1,rmse_coverage_predictive,0.24712647552717462,0.015087203591624517,0.012569980296757221,0.26598257785769086,0,20,10717,80,validation_set,"0.5,0.5",919,"1.0,0.05,1.0,0.05",100
5,0.2,85,0.38000000000000006,0.25,wide_window,"0.0,0.0",rectified_fmpe,3,220,80,0.04,bo,10,0.06,8,0.8817744120297236,-0.4444733676058265,32,0.1,0.9051556406810427,0.9138567840931822,1.039452350779429,0.7504659489100906,0.9168474789414689,0.2612959264028541,0.26380773014848224,0.3000640472661463,0.21664085881044437,0.26467106938634344,0.18717531324617126,1,rmse_coverage_predictive,0.26380773014848224,0.01800384283596878,0.012998451528626661,0.26467106938634344,1,20,10717,85,validation_set,"0.5,0.5",919,"1.0,0.05,1.0,0.05",100
5,0.2,90,0.23416666666666672,0.25,wide_window,"0.0,0.0",rectified_fmpe,3,220,80,0.04,bo,10,0.06,8,0.9070280575380031,-0.41573885069646077,32,0.1,0.9231636062110018,1.0363732104448375,1.0452025026167313,0.6679082852033669,0.9431704265790716,0.2664943782759938,0.2991751760156218,0.30172397312172017,0.1928085141280726,0.2722698498385606,0.20254519372214597,1,rmse_coverage_predictive,0.2991751760156218,0.01810343838730321,0.011568510847684356,0.2722698498385606,2,20,10717,90,validation_set,"0.5,0.5",919,"1.0,0.05,1.0,0.05",100
5,0.2,95,0.34833333333333333,0.25,wide_window,"0.0,0.0",rectified_fmpe,3,220,80,0.04,bo,10,0.06,8,1.0049384098030871,-0.46084097404297125,32,0.1,0.9466135700010491,0.9691851862874874,1.0605452148479941,0.7552545204476693,1.0014693584210455,0.2732637997293292,0.27977966409883925,0.3061530326401295,0.2180232003435718,0.2890993018347762,0.2014718444520428,1,rmse_coverage_predictive,0.27977966409883925,0.018369181958407768,0.013081392020614308,0.2890993018347762,3,20,10717,95,validation_set,"0.5,0.5",919,"1.0,0.05,1.0,0.05",100
5,0.2,100,0.27166666666666667,0.25,wide_window,"0.0,0.0",rectified_fmpe,3,220,80,0.04,bo,10,0.06,8,0.9037610890328132,-0.4209552435162126,32,0.1,0.9098894794487237,0.9293575259679141,0.9192515036144686,0.7567054166095112,1.034243471603001,0.2626624679462646,0.26828240889548993,0.26536505153239087,0.2184420379883746,0.29856037336880287,0.20095959506404074,1,rmse_coverage_predictive,0.26828240889548993,0.01592190309194345,0.013106522279302476,0.29856037336880287,4,20,10717,100,validation_set,"0.5,0.5",919,"1.0,0.05,1.0,0.05",100
5,0.2,105,0.33416666666666667,0.25,wide_window,"0.0,0.0",rectified_fmpe,3,220,80,0.04,bo,10,0.06,8,0.8281529026240375,-0.4241771619169422,32,0.1,0.8931153885136335,0.857440425424742,0.9791207050648648,0.742511884141813,0.9933885394231143,0.2578202049878718,0.24752173021652105,0.28264780131916795,0.214344718092886,0.28676657032291214,0.18970705914652958,1,rmse_coverage_predictive,0.24752173021652105,0.016958868079150077,0.01286068308557316,0.28676657032291214,5,20,10717,105,validation_set,"0.5,0.5",919,"1.0,0.05,1.0,0.05",100
5,0.2,110,0.3066666666666667,0.25,wide_window,"0.0,0.0",rectified_fmpe,3,220,80,0.04,bo,10,0.06,8,0.9450694384913935,-0.436926229512981,32,0.1,0.9205940766952019,0.9313371644902818,1.0428666264256898,0.7122808156438301,0.9958917002210058,0.26575261899717495,0.2688538813123835,0.3010496637478745,0.20561776032528575,0.28748917060315593,0.19711095044357482,1,rmse_coverage_predictive,0.2688538813123835,0.01806297982487247,0.012337065619517145,0.28748917060315593,6,20,10717,110,validation_set,"0.5,0.5",919,"1.0,0.05,1.0,0.05",100
5,0.2,115,0.30833333333333335,0.25,wide_window,"0.0,0.0",rectified_fmpe,3,220,80,0.04,bo,10,0.06,8,0.8770725130419421,-0.4137192391673406,32,0.1,0.8623141542107935,0.8465579048688651,0.9320080685864662,0.7572778174707676,0.9134128259170746,0.24892865452981305,0.24438021713032246,0.26904755464264973,0.21860727588404,0.26367957046223994,0.18005640715039692,1,rmse_coverage_predictive,0.24438021713032246,0.016142853278558984,0.013116436553042399,0.26367957046223994,7,20,10717,115,validation_set,"0.5,0.5",919,"1.0,0.05,1.0,0.05",100
5,0.2,120,0.27166666666666667,0.25,wide_window,"0.0,0.0",rectified_fmpe,3,220,80,0.04,bo,10,0.06,8,0.866240788801784,-0.3876708345449921,32,0.1,0.8075863178356897,0.6961137162431018,0.9128518825733887,0.6950570294691304,0.9263226430571375,0.23313008899814705,0.20095072072977282,0.2635176400670013,0.20064568153307205,0.26740631366274203,0.16754271813378788,1,rmse_coverage_predictive,0.20095072072977282,0.015811058404020077,0.012038740891984322,0.26740631366274203,8,20,10717,120,validation_set,"0.5,0.5",919,"1.0,0.05,1.0,0.05",100
5,0.2,125,0.32833333333333337,0.25,wide_window,"0.0,0.0",rectified_fmpe,3,220,80,0.04,bo,10,0.06,8,0.9216053514131448,-0.4619366332827037,32,0.1,0.9965969712350324,0.9523268767021932,1.2202483124400765,0.7819524891100078,1.031860206687852,0.28769276480805583,0.2749130893102634,0.3522553458327324,0.22573024004058048,0.29787238404864713,0.20306113644953652,1,rmse_coverage_predictive,0.2749130893102634,0.02113532074996394,0.013543814402434828,0.29787238404864713,9,20,10717,125,validation_set,"0.5,0.5",919,"1.0,0.05,1.0,0.05",100
5,0.2,130,0.28500000000000003,0.25,wide_window,"0.0,0.0",rectified_fmpe,3,220,80,0.04,bo,10,0.06,8,0.8106800870391104,-0.41201644402177695,32,0.1,0.8996217692333666,0.8397177947424009,0.9803022257952613,0.8159486120135006,0.9625184443823035,0.25969843531786585,0.2424056474189221,0.2829888769750417,0.23554407539544803,0.2778551414820514,0.184697053932921,1,rmse_coverage_predictive,0.2424056474189221,0.016979332618502502,0.014132644523726881,0.2778551414820514,10,20,10717,130,validation_set,"0.5,0.5",919,"1.0,0.05,1.0,0.05",100
5,0.2,135,0.33916666666666667,0.25,wide_window,"0.0,0.0",rectified_fmpe,3,220,80,0.04,bo,10,0.06,8,0.9023886112549365,-0.4397444607205959,32,0.1,0.9169959626068609,0.7984337947211888,1.0393749377739803,0.7612178465552015,1.0689572713770732,0.2647139329284356,0.2304879831561864,0.30004170005637903,0.21974466431029643,0.30858138419088055,0.19290224655892577,1,rmse_coverage_predictive,0.2304879831561864,0.018002502003382742,0.013184679858617786,0.30858138419088055,11,20,10717,135,validation_set,"0.5,0.5",919,"1.0,0.05,1.0,0.05",100
5,0.2,140,0.3316666666666667,0.25,wide_window,"0.0,0.0",rectified_fmpe,3,220,80,0.04,bo,10,0.06,8,0.8831029539272626,-0.4286605482187486,32,0.1,0.891776101605328,0.8371859538659853,0.9144221376687002,0.7910330273940367,1.0244632874925903,0.25743358615935563,0.24167476791315015,0.2639709336679885,0.22835156565191586,0.29573707740436805,0.19124962923260674,1,rmse_coverage_predictive,0.24167476791315015,0.01583825602007931,0.013701093939114952,0.29573707740436805,12,20,10717,140,validation_set,"0.5,0.5",919,"1.0,0.05,1.0,0.05",100
5,0.2,145,0.32583333333333336,0.25,wide_window,"0.0,0.0",rectified_fmpe,3,220,80,0.04,bo,10,0.06,8,0.8749482216664436,-0.41367723783768384,32,0.1,0.8477490888891523,0.8568339904931908,0.9301827674337847,0.6964960174267711,0.9074835802028628,0.2447240823377061,0.2473466675310325,0.26852063558672334,0.20106108157542432,0.2619679446576441,0.18042497192170648,1,rmse_coverage_predictive,0.2473466675310325,0.0161112381352034,0.012063664894525459,0.2619679446576441,13,20,10717,145,validation_set,"0.5,0.5",919,"1.0,0.05,1.0,0.05",100
5,0.2,150,0.355,0.25,wide_window,"0.0,0.0",rectified_fmpe,3,220,80,0.04,bo,10,0.06,8,0.8170508501801541,-0.4156083612533876,32,0.1,0.8492358601632647,0.7896224244336727,0.9927052458125594,0.6964999097259842,0.9181158606808427,0.24515327623537217,0.22794435965247295,0.2865693204479174,0.20106220518542353,0.2650372196556748,0.17510320645906227,1,rmse_coverage_predictive,0.22794435965247295,0.017194159226875044,0.01206373231112541,0.2650372196556748,14,20,10717,150,validation_set,"0.5,0.5",919,"1.0,0.05,1.0,0.05",100
5,0.2,155,0.29250000000000004,0.25,wide_window,"0.0,0.0",rectified_fmpe,3,220,80,0.04,bo,10,0.06,8,0.9613268975160346,-0.42720199393868075,32,0.1,0.8935452807500386,0.8409290232327292,1.0084682521605626,0.760785399173532,0.9639984484333308,0.2579443041870773,0.24275529896639267,0.29111970842704615,0.21961982750418782,0.2782823818506826,0.18496618611013424,1,rmse_coverage_predictive,0.24275529896639267,0.017467182505622767,0.013177189650251268,0.2782823818506826,15,20,10717,155,validation_set,"0.5,0.5",919,"1.0,0.05,1.0,0.05",100
5,0.2,160,0.2741666666666667,0.25,wide_window,"0.0,0.0",rectified_fmpe,3,220,80,0.04,bo,10,0.06,8,0.905852869366011,-0.39910168248195765,32,0.1,0.8312968459009142,0.8015682411309974,0.9693421565168865,0.666716092623438,0.887560893332335,0.23997472887868984,0.23139281989541816,0.27982497750093843,0.1924643577745987,0.2562167603438042,0.1729197109568462,1,rmse_coverage_predictive,0.23139281989541816,0.016789498650056304,0.011547861466475922,0.2562167603438042,16,20,10717,160,validation_set,"0.5,0.5",919,"1.0,0.05,1.0,0.05",100
5,0.2,165,0.2991666666666667,0.25,wide_window,"0.0,0.0",rectified_fmpe,3,220,80,0.04,bo,10,0.06,8,0.9064830096141153,-0.4205525266474853,32,0.1,0.8837358277410539,0.9077244302726687,0.9667997279424602,0.6839040678947319,0.9765150848543543,0.2551125590194071,0.2620374720839625,0.2790910415900182,0.19742609884945178,0.2818956235541959,0.19271060382187857,1,rmse_coverage_predictive,0.2620374720839625,0.01674546249540109,0.011845565930967106,0.2818956235541959,17,20,10717,165,validation_set,"0.5,0.5",919,"1.0,0.05,1.0,0.05",100
5,0.2,170,0.25083333333333335,0.25,wide_window,"0.0,0.0",rectified_fmpe,3,220,80,0.04,bo,10,0.06,8,0.9133189784130773,-0.3952677939202959,32,0.1,0.8356367897229667,0.8178355214107818,0.9294080091644321,0.697481014537593,0.89782261377906,0.2412275627456548,0.23608877921967641,0.2682969821390395,0.20134542574896633,0.2591790638749369,0.17558244682233157,1,rmse_coverage_predictive,0.23608877921967641,0.01609781892834237,0.012080725544937979,0.2591790638749369,18,20,10717,170,validation_set,"0.5,0.5",919,"1.0,0.05,1.0,0.05",100
5,0.2,175,0.3333333333333333,0.25,wide_window,"0.0,0.0",rectified_fmpe,3,220,80,0.04,bo,10,0.06,8,0.8666308736333632,-0.4154627378457137,32,0.1,0.8503202656979196,0.7858459066895775,0.9347750762960967,0.74329905509907,0.9373610247069342,0.24546631714904402,0.2268541728843966,0.2698463209656522,0.21457195477492128,0.270592819971206,0.17685529349838944,1,rmse_coverage_predictive,0.2268541728843966,0.01619077925793913,0.012874317286495277,0.270592819971206,19,20,10717,175,validation_set,"0.5,0.5",919,"1.0,0.05,1.0,0.05",100
5,0.2,180,0.33583333333333343,0.25,wide_window,"0.0,0.0",rectified_fmpe,3,220,80,0.04,bo,10,0.06,8,0.8825273529490865,-0.4094065906166491,32,0.1,0.8216693908234838,0.8230576730990836,0.970618623603891,0.634536711619167,0.8584645549717937,0.23719552198840713,0.2375962845611715,0.2801934618090852,0.18317497063201302,0.24781737095135872,0.17195120309827747,1,rmse_coverage_predictive,0.2375962845611715,0.016811607708545114,0.01099049823792078,0.24781737095135872,20,20,10717,180,validation_set,"0.5,0.5",919,"1.0,0.05,1.0,0.05",100
5,0.2,80,0.09500000000000003,0.25,wide_window,"0.0,0.0",rectified_fmpe,3,220,80,0.04,bo_marginal_random,10,0.06,8,0.9421073069864152,-0.3614762602464485,32,0.1,0.8435625392176835,0.8560712230169862,0.8710601054943103,0.7257281508041074,0.9213906775553303,0.24351552954780695,0.24712647552717462,0.25145339319374194,0.20949967161262037,0.26598257785769086,0.18179924006110548,1,rmse_coverage_predictive,0.24712647552717462,0.015087203591624517,0.012569980296757221,0.26598257785769086,0,20,10717,80,validation_set,"0.5,0.5",919,"1.0,0.05,1.0,0.05",100
5,0.2,85,0.3641666666666667,0.25,wide_window,"0.0,0.0",rectified_fmpe,3,220,80,0.04,bo_marginal_random,10,0.06,8,0.9331268749706199,-0.44704447909244865,32,0.1,0.9099852860463172,0.9057808323258929,1.0180171716752846,0.7768405597769169,0.9393025804071745,0.26269012492871996,0.2614764036850788,0.29387624405319357,0.2242545531523113,0.2711532988242962,0.18867032968416264,1,rmse_coverage_predictive,0.2614764036850788,0.017632574643191613,0.013455273189138677,0.2711532988242962,1,20,10717,85,validation_set,"0.5,0.5",919,"1.0,0.05,1.0,0.05",100
5,0.2,90,0.26083333333333336,0.25,wide_window,"0.0,0.0",rectified_fmpe,3,220,80,0.04,bo_marginal_random,10,0.06,8,0.9099044243401028,-0.4177812438692701,32,0.1,0.9061482502436036,1.0025189674273252,0.9856388574223011,0.7017280233750068,0.9347071527497814,0.2615824681019265,0.28940229785593596,0.28452942982826035,0.2025714315967321,0.26982671312677753,0.19811569661053574,1,rmse_coverage_predictive,0.28940229785593596,0.01707176578969562,0.012154285895803927,0.26982671312677753,2,20,10717,90,validation_set,"0.5,0.5",919,"1.0,0.05,1.0,0.05",100
5,0.2,95,0.25333333333333335,0.25,wide_window,"0.0,0.0",rectified_fmpe,3,220,80,0.04,bo_marginal_random,10,0.06,8,0.9266518474085061,-0.42361872241382825,32,0.1,0.9270635820964575,0.9599797823645915,0.9740788104103212,0.7754285206670782,0.998767214943839,0.2676202043396443,0.27712229288239765,0.2811923317011547,0.22384693257222546,0.2883192602027992,0.200243474732732,1,rmse_coverage_predictive,0.27712229288239765,0.016871539902069282,0.013430815954333528,0.2883192602027992,3,20,10717,95,validation_set,"0.5,0.5",919,"1.0,0.05,1.0,0.05",100
5,0.2,100,0.33916666666666667,0.25,wide_window,"0.0,0.0",rectified_fmpe,3,220,80,0.04,bo_marginal_random,10,0.06,8,0.8859525204927244,-0.4304558622650105,32,0.1,0.8905129425500942,0.8830625126308066,0.9143304283746979,0.739774473811858,1.0248843553830145,0.2570689435490714,0.2549181896893318,0.26394445947519884,0.213554495797445,0.2958586292343098,0.19553170577185017,1,rmse_coverage_predictive,0.2549181896893318,0.01583666756851193,0.0128132697478467,0.2958586292343098,4,20,10717,100,validation_set,"0.5,0.5",919,"1.0,0.05,1.0,0.05",100
5,0.2,105,0.30250000000000005,0.25,wide_window,"0.0,0.0",rectified_fmpe,3,220,80,0.04,bo_marginal_random,10,0.06,8,0.8554807775355281,-0.41049625628129405,32,0.1,0.8636808254292272,0.8150935090443902,0.8552432817672023,0.7625690955785511,1.0218174153267647,0.24932317852774122,0.23529722843074768,0.24688746947545662,0.220134736303983,0.29497327990077765,0.18892320355873163,1,rmse_coverage_predictive,0.23529722843074768,0.014813248168527396,0.01320808417823898,0.29497327990077765,5,20,10717,105,validation_set,"0.5,0.5",919,"1.0,0.05,1.0,0.05",100
5,0.2,110,0.2783333333333334,0.25,wide_window,"0.0,0.0",rectified_fmpe,3,220,80,0.04,bo_marginal_random,10,0.06,8,0.8778755379299553,-0.40792897372003,32,0.1,0.8679586724550655,0.7493182338273148,0.9529293886605217,0.7969349510390691,0.9726521162933566,0.25055808659370116,0.2163095420044476,0.27508701953092884,0.23005530425451387,0.28078048058491434,0.17754608567950572,1,rmse_coverage_predictive,0.2163095420044476,0.01650522117185573,0.013803318255270832,0.28078048058491434,6,20,10717,110,validation_set,"0.5,0.5",919,"1.0,0.05,1.0,0.05",100
5,0.2,115,0.2908333333333334,0.25,wide_window,"0.0,0.0",rectified_fmpe,3,220,80,0.04,bo_marginal_random,10,0.06,8,0.860216816969794,-0.40588076145594376,32,0.1,0.8561552998755299,0.8843090737433591,0.8923941405042092,0.7643702783067831,0.8835477069477682,0.24715074642563095,0.25527804088627853,0.25761199862167494,0.22065469297048518,0.2550582532240853,0.18071785984219133,1,rmse_coverage_predictive,0.25527804088627853,0.015456719917300497,0.01323928157822911,0.2550582532240853,7,20,10717,115,validation_set,"0.5,0.5",919,"1.0,0.05,1.0,0.05",100
5,0.2,120,0.325,0.25,wide_window,"0.0,0.0",rectified_fmpe,3,220,80,0.04,bo_marginal_random,10,0.06,8,0.8981360553220096,-0.4214231540545113,32,0.1,0.8672709164012942,0.8046632540969565,0.9924292179857166,0.7392448414618709,0.9327463520606328,0.25035954852231035,0.23228627317993905,0.28648963807785166,0.2134016041075267,0.26926067872392395,0.17812751431291812,1,rmse_coverage_predictive,0.23228627317993905,0.017189378284671097,0.012804096246451601,0.26926067872392395,8,20,10717,120,validation_set,"0.5,0.5",919,"1.0,0.05,1.0,0.05",100
5,0.2,125,0.27083333333333337,0.25,wide_window,"0.0,0.0",rectified_fmpe,3,220,80,0.04,bo_marginal_random,10,0.06,8,0.8436236000309886,-0.4098990802527073,32,0.1,0.8931437315450304,0.8701861366900662,0.9943124898820072,0.77150383506542,0.9365724645426282,0.2578283869162751,0.2512011001315451,0.28703329184599197,0.22271397342792443,0.27036518225963885,0.1848475636396806,1,rmse_coverage_predictive,0.2512011001315451,0.017221997510759517,0.013362838405675466,0.27036518225963885,9,20,10717,125,validation_set,"0.5,0.5",919,"1.0,0.05,1.0,0.05",100
5,0.2,130,0.3375000000000001,0.25,wide_window,"0.0,0.0",rectified_fmpe,3,220,80,0.04,bo_marginal_random,10,0.06,8,0.8829188816024015,-0.44349810683704205,32,0.1,0.9381868620480358,0.8754437535113857,1.0387084689512425,0.8751052029647939,0.963490022764721,0.2708312186768019,0.2527188433750875,0.299849307079272,0.25262111225048295,0.2781356120023652,0.18826819286638036,1,rmse_coverage_predictive,0.2527188433750875,0.017990958424756318,0.015157266735028976,0.2781356120023652,10,20,10717,130,validation_set,"0.5,0.5",919,"1.0,0.05,1.0,0.05",100
5,0.2,135,0.28500000000000003,0.25,wide_window,"0.0,0.0",rectified_fmpe,3,220,80,0.04,bo_marginal_random,10,0.06,8,0.8721099346655274,-0.42503339757608066,32,0.1,0.9234338956269699,0.8219977876421888,0.9619917033598132,0.8552162730352941,1.054529818470583,0.26657240410952787,0.2372903219842473,0.2777030844464874,0.24687967272613778,0.30441653728123913,0.1933088021476176,1,rmse_coverage_predictive,0.2372903219842473,0.016662185066789244,0.014812780363568267,0.30441653728123913,11,20,10717,135,validation_set,"0.5,0.5",919,"1.0,0.05,1.0,0.05",100
5,0.2,140,0.4025,0.25,wide_window,"0.0,0.0",rectified_fmpe,3,220,80,0.04,bo_marginal_random,10,0.06,8,0.8882080309655301,-0.46036827125976776,32,0.1,0.9385029595412991,0.9410307188862708,0.9892103572592458,0.8124138824173665,1.0113568796023136,0.27092246816321475,0.27165216943234777,0.2855604330243957,0.23452368685352776,0.29195358334258786,0.19970187907106335,1,rmse_coverage_predictive,0.27165216943234777,0.017133625981463743,0.014071421211211665,0.29195358334258786,12,20,10717,140,validation_set,"0.5,0.5",919,"1.0,0.05,1.0,0.05",100
5,0.2,145,0.3558333333333334,0.25,wide_window,"0.0,0.0",rectified_fmpe,3,220,80,0.04,bo_marginal_random,10,0.06,8,0.8792322188838231,-0.4402786071261507,32,0.1,0.9124341529246762,0.9314314210671663,0.9958530838581456,0.7889661361071545,0.9334859706662383,0.263397051904435,0.2688810908424021,0.28747802301940967,0.22775490553148228,0.2694741882244459,0.19065521000643432,1,rmse_coverage_predictive,0.2688810908424021,0.01724868138116458,0.013665294331888936,0.2694741882244459,13,20,10717,145,validation_set,"0.5,0.5",919,"1.0,0.05,1.0,0.05",100
5,0.2,150,0.37500000000000006,0.25,wide_window,"0.0,0.0",rectified_fmpe,3,220,80,0.04,bo_marginal_random,10,0.06,8,0.9146999793382372,-0.44450473604311447,32,0.1,0.8981886800649636,0.9339140985125873,1.0042802924033056,0.742008858916175,0.9125514704277865,0.25928473810929076,0.2695977780881145,0.2899107485804423,0.21419950721817033,0.2634309185504357,0.18877669189686824,1,rmse_coverage_predictive,0.2695977780881145,0.017394644914826538,0.012851970433090219,0.2634309185504357,14,20,10717,150,validation_set,"0.5,0.5",919,"1.0,0.05,1.0,0.05",100
5,0.2,155,0.29333333333333333,0.25,wide_window,"0.0,0.0",rectified_fmpe,3,220,80,0.04,bo_marginal_random,10,0.06,8,0.9003098775002469,-0.42415570852681317,32,0.1,0.9034078664568884,0.9816756381333889,1.0290571018852472,0.7222107919925606,0.8806879338163573,0.2607913874434551,0.2833853469666049,0.29706319739247183,0.20848429758427883,0.25423270783046464,0.19066704532397355,1,rmse_coverage_predictive,0.2833853469666049,0.01782379184354831,0.012509057855056729,0.25423270783046464,15,20,10717,155,validation_set,"0.5,0.5",919,"1.0,0.05,1.0,0.05",100
5,0.2,160,0.3075,0.25,wide_window,"0.0,0.0",rectified_fmpe,3,220,80,0.04,bo_marginal_random,10,0.06,8,0.8943585631486808,-0.42853605893592406,32,0.1,0.9083747479294251,0.8499405350286712,1.0543073262000435,0.7581889732773164,0.9710621572116689,0.262225202621056,0.24535669834698895,0.3043523092950948,0.2188703039091323,0.2803214989330079,0.18660518248763028,1,rmse_coverage_predictive,0.24535669834698895,0.01826113855770569,0.013132218234547938,0.2803214989330079,16,20,10717,160,validation_set,"0.5,0.5",919,"1.0,0.05,1.0,0.05",100
5,0.2,165,0.31,0.25,wide_window,"0.0,0.0",rectified_fmpe,3,220,80,0.04,bo_marginal_random,10,0.06,8,0.9056357462405076,-0.42878774726912194,32,0.1,0.9031750275652459,0.9567941161125549,0.9463268720932634,0.7740490537304617,0.9355300683247034,0.2607241726450712,0.27620267024831685,0.2731810371722111,0.2234487147686286,0.2700642683911283,0.1934367015717699,1,rmse_coverage_predictive,0.27620267024831685,0.016390862230332665,0.013406922886117716,0.2700642683911283,17,20,10717,165,validation_set,"0.5,0.5",919,"1.0,0.05,1.0,0.05",100
5,0.2,170,0.3841666666666666,0.25,wide_window,"0.0,0.0",rectified_fmpe,3,220,80,0.04,bo_marginal_random,10,0.06,8,0.9688634771846433,-0.4636236752345523,32,0.1,0.9377172759592622,0.9317739006387078,1.042545043441629,0.7933754383105148,0.9831747214461973,0.2706956608494213,0.2689799561788128,0.30095683073666735,0.22902776143850656,0.2838180950436987,0.19584294174561526,1,rmse_coverage_predictive,0.2689799561788128,0.01805740984420004,0.013741665686310392,0.2838180950436987,18,20,10717,170,validation_set,"0.5,0.5",919,"1.0,0.05,1.0,0.05",100
5,0.2,175,0.3458333333333334,0.25,wide_window,"0.0,0.0",rectified_fmpe,3,220,80,0.04,bo_marginal_random,10,0.06,8,0.9423785982713541,-0.4386685337738221,32,0.1,0.8936424017795842,0.8252413374918737,1.0024334339347447,0.7692208642998531,0.9776739713918653,0.25797234061335333,0.23822665417367006,0.2893776064634529,0.22205493653489844,0.282230165281392,0.18498971391121086,1,rmse_coverage_predictive,0.23822665417367006,0.017362656387807172,0.013323296192093905,0.282230165281392,19,20,10717,175,validation_set,"0.5,0.5",919,"1.0,0.05,1.0,0.05",100
5,0.2,180,0.2958333333333334,0.25,wide_window,"0.0,0.0",rectified_fmpe,3,220,80,0.04,bo_marginal_random,10,0.06,8,0.9265185516171303,-0.4363209876982826,32,0.1,0.9343056151400251,1.0705850652605244,1.0037669689101858,0.7395323860968297,0.9233380402925606,0.2697107992032362,0.3090512878092785,0.28976256485197527,0.21348461109372543,0.2665447330579657,0.20434354045387884,1,rmse_coverage_predictive,0.3090512878092785,0.017385753891118516,0.012809076665623526,0.2665447330579657,20,20,10717,180,validation_set,"0.5,0.5",919,"1.0,0.05,1.0,0.05",100
